,A,B,C,D
2000-01-01,1.0829070483468308,-0.32526716561313945,1.5014124239065143,0.806587589120094
2000-01-02,-0.3902393080117914,1.4854221311600253,1.6371369187793428,-0.28760925548193517
2000-01-03,-1.6302589606492834,2.1817419226011827,0.20563162665835577,0.4856116820032096
2000-01-04,-0.8142844325811115,0.9761770973571815,-0.04151986987010248,-2.364812734157865
2000-01-05,0.34601687908389966,1.8234683779534646,0.1965479741681819,-2.18394126267794
2000-01-06,0.12622273498681627,0.6311769665279054,1.1628309197162539,-1.6692937930295595
2000-01-07,0.4202956474089413,0.6114530292691542,1.4202874566790227,-1.4386020251578688
2000-01-08,-1.448791098867884,0.17433393457825647,0.9094436027314582,0.47955773679553015
2000-01-09,-0.7264702418973583,0.4917157270079225,2.24301274033097,-0.28728379864603204
2000-01-10,-2.493253392905654,1.2334579044283518,2.6968235784779324,-0.09891248076236864
2000-01-11,-2.360882212737752,2.4483834481152957,0.6941953013053346,-0.40291403165631473
2000-01-12,-3.317020912577,1.6554988285887005,0.22061402392860396,1.0813166724319156
2000-01-13,-2.078842322165115,0.5266172144960612,1.9093549625702835,0.8243768732215149
2000-01-14,-0.5775021797693274,-2.7576311012861443,1.534116494195631,1.8259138139120785
2000-01-15,-0.6285363160333011,-3.4241298089209624,0.42825788984010305,1.0762526986791967
2000-01-16,-0.38602712225112823,-3.4073193428250796,-0.6608608952903021,-0.4997284192300109
2000-01-17,0.09308922432042693,-4.282566536868529,0.39121365587271106,-1.401087574827271
2000-01-18,-1.8144782415152143,-2.9940665619106532,-0.08698875261481531,-1.5158339240186696
2000-01-19,-3.2079902216355984,-2.682760586019018,0.30481357712500967,-0.39527715197406343
2000-01-20,-4.31720671525959,-2.4430544464947404,0.46200609114361196,-2.1391117040661847
2000-01-21,-5.973586454687631,-3.6104523236489987,1.3026252486292418,-2.2400885336469836
2000-01-22,-4.640425679942946,-4.884383372699748,2.0379397295409185,-1.6009806088652514
2000-01-23,-4.248220358030351,-6.927911269795815,3.497491132098779,-3.6714783433287863
2000-01-24,-4.053938936702094,-9.194235372388682,3.9966421425069414,-1.5917698439448933
2000-01-25,-4.4464108394109205,-11.12120313939064,4.572509859463911,-2.45753310403004
2000-01-26,-5.186589882009514,-10.054767236182538,5.703867578772366,-0.7170034360917357
2000-01-27,-6.975256835942368,-9.76068370770645,5.103802494197893,-1.8173931301250825
2000-01-28,-6.966098833796956,-9.99614019760391,5.439866258649293,-1.9939609619854106
2000-01-29,-7.135128418289364,-10.89567779485461,5.8204452683697685,-1.6624419824206822
2000-01-30,-6.671058261137586,-10.581426284911796,6.590108538965091,-1.5905294134922485
2000-01-31,-6.302645052500566,-11.46479470393204,4.606765599178548,-1.3473710135351542
2000-02-01,-6.481625500486939,-12.758448752339417,4.546794945670184,-1.2474164867340902
2000-02-02,-8.262728916327355,-13.358097988210156,1.808991037953465,-0.906943309044594
2000-02-03,-8.661682225643716,-11.805321231066557,0.6505051805645143,-1.5339948252027873
2000-02-04,-7.372550808863785,-11.21352379340613,0.20915081544701952,-2.792018932791771
2000-02-05,-8.435345715152346,-11.325564089198343,-0.06257863627087346,-2.8408681000615634
2000-02-06,-9.216892506216581,-11.65384019124932,-0.7475730241904343,-0.9457870904193275
2000-02-07,-9.431374035662673,-10.786271757815229,-1.112977983073797,-1.2540717610500443
2000-02-08,-10.006880444816584,-10.052663800540794,-1.2933058558205457,-0.9274659814037098
2000-02-09,-9.054829328831918,-11.586545968143646,-1.1350647763726347,-1.5671259325172964
2000-02-10,-8.952520646778039,-11.936131280630986,-3.618704907500092,-0.6122341791978688
2000-02-11,-9.774322657333872,-11.702667998785632,-3.619191626055084,-0.8464217466632279
2000-02-12,-9.837813351862872,-11.788644393375119,-3.6217297170496336,-1.0097259949495567
2000-02-13,-7.313627156771474,-11.472389401575603,-3.915626296469745,-1.8538774062922516
2000-02-14,-7.81450492337484,-10.446403587794636,-0.7498281313946564,-2.9563311963575014
2000-02-15,-6.122184334851753,-11.957553127850879,-1.6389811879489462,-3.9893367659217605
2000-02-16,-5.947574300849978,-12.58178129693423,-1.439685764085172,-4.4284238994628895
2000-02-17,-5.786607462720962,-13.623215968825022,-0.31452341011397333,-3.9279692063620235
2000-02-18,-5.677265807995256,-14.333796970895808,0.22519850959466015,-5.149339847725548
2000-02-19,-5.243663458665492,-13.382957894590017,-0.8216979278076045,-5.263546926669954
2000-02-20,-3.9168311735426906,-14.214584439748627,-1.038736968772385,-5.02585303618437
2000-02-21,-3.7343105443710565,-13.268022117999898,1.151497205160339,-4.99394165290406
2000-02-22,-4.396774467340175,-12.522788518214952,-0.3881367099736117,-5.553111847295398
2000-02-23,-4.235437539839627,-11.479126988555311,-0.6026499783534833,-4.2473978692641285
2000-02-24,-4.5109838845025925,-10.822255390562376,-0.5860414818983931,-4.829407738645912
2000-02-25,-4.8982190521005275,-9.969090201901508,-1.0212966439351918,-6.684665634208127
2000-02-26,-6.235435997519209,-9.83989905563953,-0.649100884574954,-6.906015308421808
2000-02-27,-7.71076757656802,-9.022642839388324,-1.2655674109117387,-6.6879835821781155
2000-02-28,-9.533333762661695,-9.30933829279869,-2.192004521528904,-7.402322066757961
2000-02-29,-10.87331240400147,-8.919121585613958,-2.245736306381742,-7.415140887994083
2000-03-01,-8.695528187266296,-9.025147647835885,-1.743439189437073,-7.588735306182274
2000-03-02,-9.731189523614015,-9.340699187569179,-1.8193182677386777,-11.554450316804182
2000-03-03,-11.015195573580153,-8.810436009478822,-1.365824199165339,-10.597020840764383
2000-03-04,-12.484447726748785,-8.14923227636977,-0.7333053878139326,-9.932062908502731
2000-03-05,-13.65447675584149,-9.173955745145243,-3.0670713011393445,-10.919000040011468
2000-03-06,-13.507429675254398,-7.16094855508052,-2.353768789807643,-10.576331829477608
2000-03-07,-12.027084016828267,-8.271952090507428,-3.6874374550821205,-11.487619705442793
2000-03-08,-12.001104982629816,-7.8802967089166875,-3.891275844361288,-12.012991412205224
2000-03-09,-11.974339554209962,-7.877660954463089,-4.189174931085814,-11.875756127858311
2000-03-10,-12.816089722343046,-7.294993271626371,-4.870498850038141,-12.1724830644515
2000-03-11,-12.437672247698979,-8.712613698606429,-5.8596218578930035,-13.21581673251683
2000-03-12,-13.644290203170456,-9.020621464743437,-7.271357238284146,-12.064793437856466
2000-03-13,-14.796943018579046,-11.0216640251654,-6.453157816729416,-11.929277447028895
2000-03-14,-15.928457672916261,-11.659200007753924,-7.63787439848783,-12.23686606824358
2000-03-15,-16.432190031623122,-10.288543585434999,-8.009543300350307,-11.247306431001444
2000-03-16,-18.247246256839993,-10.690797120441445,-7.045656202957586,-12.26373403947842
2000-03-17,-20.1956549884133,-11.777772870005286,-7.047624623495548,-13.101331244089105
2000-03-18,-18.787283414175395,-11.006671795516926,-7.17392763628172,-15.181371968419766
2000-03-19,-17.358668579647144,-11.097095605558774,-9.082506583692982,-14.837145801145583
2000-03-20,-17.14132248182127,-11.162250331781411,-10.111954940131243,-14.216494088311395
2000-03-21,-17.41358581765082,-10.93781774778961,-11.083839355798336,-14.315092996819041
2000-03-22,-18.569616711736337,-11.259464495813818,-12.478108493749247,-15.163585728961452
2000-03-23,-17.323195238097107,-12.743012650892302,-12.421395414105481,-16.18598528789459
2000-03-24,-18.75841610344264,-12.219531426685567,-11.32705906019036,-16.866067271751536
2000-03-25,-19.65023787829188,-12.487362978328925,-10.471749503770663,-17.36118281560725
2000-03-26,-20.231132152508877,-11.53445315899631,-11.8482796162264,-17.271231848603517
2000-03-27,-20.03092187672016,-11.373120122978822,-13.119766540442603,-18.471778551883947
2000-03-28,-19.07125412707333,-11.485275972770092,-12.686067867135767,-18.54947650721356
2000-03-29,-19.570065067078584,-12.091143882699596,-11.90650821077011,-18.853184644101
2000-03-30,-18.622637031139828,-10.5538627486111,-12.780975252101088,-18.837753783647663
2000-03-31,-18.442718893995853,-9.6886493328574,-12.443455559463072,-19.614667146653225
2000-04-01,-16.31717883230323,-9.594205565820472,-14.15218023003619,-19.66429512612669
2000-04-02,-16.803400878108405,-9.947581251604914,-13.180134724713252,-18.332706770283806
2000-04-03,-14.635584116907651,-11.064424454106415,-13.40759803414695,-17.87442704151514
2000-04-04,-15.66726626384397,-12.731051070397413,-10.9401596477518,-19.277438854123996
2000-04-05,-15.534672417201813,-13.23055211015714,-11.552944566942026,-21.408270613112858
2000-04-06,-15.504310928033632,-13.379834742175898,-12.09594930593565,-22.192907122200346
2000-04-07,-15.495329348209706,-14.239261237303783,-11.493546920496005,-22.220958803334632
2000-04-08,-14.574405401925539,-14.939458422225316,-12.220298015444742,-24.18950078840929
2000-04-09,-14.367402106648429,-16.112888485527336,-14.22618851371773,-24.09806364832579
2000-04-10,-15.085986252146578,-17.91714030757219,-12.411753923579267,-25.122770691089347
2000-04-11,-16.712328000677335,-17.61091479833313,-11.469569075287971,-23.326960835850304
2000-04-12,-16.965476258461266,-17.867508731657068,-12.34956512015203,-22.596077026033104
2000-04-13,-16.72667320183377,-18.829946245840535,-12.008184832259095,-23.126626400617756
2000-04-14,-16.217105269860475,-18.434516783940314,-12.286925827648327,-22.63860103382078
2000-04-15,-15.884450145706882,-18.12586428919991,-10.972867644396867,-21.133202081868106
2000-04-16,-18.10124819291349,-18.50942184787407,-11.684723428803755,-20.777103270278406
2000-04-17,-18.83022964502927,-17.2970676804379,-9.451399020012019,-21.14422033246668
2000-04-18,-17.961075552393016,-18.125162566698688,-7.8826641652747025,-20.354000321871816
2000-04-19,-19.749626221547526,-19.21881138473312,-8.183869875716729,-22.132160979144935
2000-04-20,-19.977572122507173,-20.03803728954961,-6.23122704068327,-21.877928595608
2000-04-21,-20.758122502996866,-21.18809165882905,-5.9897267718013225,-22.49234569359711
2000-04-22,-20.875526984995457,-21.067242504660943,-6.961227046701436,-21.993350935909593
2000-04-23,-20.65537932938844,-20.869468026401123,-8.425475096048174,-21.713296842507066
2000-04-24,-18.983218622857716,-21.375877854707195,-9.332245097215779,-23.006627918725204
2000-04-25,-19.827396287026243,-21.14894585131376,-9.322273107666549,-23.047385936075898
2000-04-26,-20.22914685144,-20.938145069035116,-10.157322220720555,-23.18821730404238
2000-04-27,-19.490925023288643,-21.05809370327306,-10.698819711063054,-24.336151391824956
2000-04-28,-20.155455470670205,-20.736900104086576,-9.15395214077619,-23.17208440779614
2000-04-29,-19.297478363606263,-21.25410264785371,-8.15207605407069,-23.397699710486954
2000-04-30,-17.97262841709193,-21.97910952116791,-8.54514020418524,-22.370405228406916
2000-05-01,-17.38710857895782,-23.370177576485204,-8.387481178647798,-21.66547187117414
2000-05-02,-17.648613478137428,-24.6393801138782,-9.131877587804643,-21.752559630558903
2000-05-03,-19.655195952538943,-25.213125570045953,-9.838308919429348,-22.25990798636782
2000-05-04,-19.16087238795116,-25.501722036448694,-9.795813436190546,-25.086580958576782
2000-05-05,-19.107822035418536,-25.003643544550687,-10.160563085349164,-24.120314637916792
2000-05-06,-18.714972306801524,-23.845544018098263,-10.972074094232566,-25.337022971429555
2000-05-07,-19.271361353016122,-23.329186366616348,-10.93881663548269,-24.71549928478369
2000-05-08,-18.891117850637933,-22.248240048312184,-8.905028087475333,-22.857662486936395
2000-05-09,-19.068258496283036,-22.077187901802724,-8.952508382026476,-23.20950720591785
2000-05-10,-18.880550391228706,-21.634645725824793,-9.829429536732095,-24.55635492739651
2000-05-11,-17.7943980538816,-22.128329174183275,-9.934420570371078,-26.296630318248816
2000-05-12,-17.35051095282593,-21.616735698752283,-9.635320360958055,-26.986778394044023
2000-05-13,-15.926469424335773,-21.85480561338656,-8.635454903224097,-27.619295250940006
2000-05-14,-15.55907388672788,-20.296052124401825,-10.397646376140942,-27.103999159291828
2000-05-15,-15.502388252075242,-19.909192879745007,-8.501269268596234,-26.168759976841244
2000-05-16,-15.91791201957952,-22.30962094413985,-7.544914079313722,-25.937648891997608
2000-05-17,-15.637099779993777,-21.4084575619557,-6.394082875479535,-26.03476380316344
2000-05-18,-16.06299714650618,-20.646522989205028,-6.840280375493786,-27.089780692318783
2000-05-19,-16.236150308278436,-18.99677648181532,-6.695468907968087,-29.696952970667404
2000-05-20,-17.327251299099892,-18.91792625864773,-8.39992190047818,-30.24191188599474
2000-05-21,-16.221606566960922,-18.471113612600448,-9.093753939390908,-28.998316405820148
2000-05-22,-15.732393263301752,-18.04611700841576,-7.38938677208397,-29.2988861091441
2000-05-23,-14.683564303698168,-17.731298525253006,-7.099753984093494,-27.766595531319396
2000-05-24,-15.340217410607583,-16.391821712227728,-6.864590846777667,-27.485305814947587
2000-05-25,-13.79076475339532,-17.10459346311939,-5.421101647626749,-27.274050343746616
2000-05-26,-12.68318461139921,-15.703295336151944,-5.148472634640815,-28.851703709864378
2000-05-27,-11.838623641197703,-15.878400886567531,-5.380921409272299,-27.143868130696625
2000-05-28,-11.936041117017567,-18.358918489493515,-4.4360528951374345,-26.06711802359866
2000-05-29,-11.488724690408409,-18.315224763489113,-4.349476499250897,-25.486893621948187
2000-05-30,-10.979852282280016,-18.915043406230208,-3.150403900671318,-25.47435597825113
2000-05-31,-10.808874198036337,-17.4244494790188,-3.626698805327362,-27.22316695720296
2000-06-01,-10.877397174653707,-17.939686650439583,-3.0341761768663553,-28.692832471975738
2000-06-02,-12.015914668641805,-18.838442451000493,-1.4214865515825752,-28.928817698559644
2000-06-03,-12.21694352765588,-19.715153987772148,-0.7366451120256057,-29.009892833942637
2000-06-04,-11.853085941929063,-19.943006495993533,-0.9391319729246037,-27.122313250896955
2000-06-05,-9.209362953601163,-20.605111879873448,-2.1579940445862693,-26.357648972741746
2000-06-06,-9.48731776750439,-21.631163189081168,-0.7577423789913842,-27.237183412949513
2000-06-07,-9.305480517533507,-21.26652255119413,-0.4111365675036932,-28.109531043776922
2000-06-08,-8.853326267248821,-21.896847900035645,1.3056334223572441,-28.089531982604996
2000-06-09,-7.262601751003505,-22.245478731193323,1.2908012842140697,-27.26669458121752
2000-06-10,-8.813879350834672,-24.020070230650024,2.7340768524026853,-27.418310629257498
2000-06-11,-8.759877590777993,-22.88689298444753,3.821265071240602,-26.335552323406915
2000-06-12,-8.653129024763354,-23.641597822830146,2.823711885003573,-27.163117162958503
2000-06-13,-7.871460481970522,-23.172970994782208,1.7014545859346182,-27.622333475303723
2000-06-14,-8.468233387229066,-23.97406365290147,1.9276474610083183,-26.48591537169438
2000-06-15,-9.287595415187557,-22.79080049571131,-0.5852440476475931,-25.3977019813778
2000-06-16,-10.251437470853022,-22.883661028576192,-0.51180668924733,-25.361695370840994
2000-06-17,-8.947512384599719,-22.803945081508196,-1.3250329099036477,-24.59553148613511
2000-06-18,-7.635104366304976,-23.835260606636524,-3.4783331040225964,-24.92733259071124
2000-06-19,-8.036169576462914,-24.532180821851245,-4.367695065404398,-24.852030261650857
2000-06-20,-9.621592511168503,-24.365035069446538,-4.444064190614416,-24.479108910350853
2000-06-21,-9.763360386227873,-24.314171624109754,-4.037844698761739,-23.851178375584492
2000-06-22,-10.12350914386295,-24.139001477629723,-4.029979066992722,-25.176684074393464
2000-06-23,-9.329880244497707,-22.778754510421926,-4.340098190212805,-24.364881397988107
2000-06-24,-10.281013360234125,-22.9490540773852,-4.786256891257092,-20.882636669156483
2000-06-25,-10.185988877544464,-23.170682726757658,-3.5259107080528,-21.36742827700374
2000-06-26,-11.146601287165133,-24.501198815117895,-2.1843102197820157,-21.235772779872118
2000-06-27,-10.9778554090673,-23.15557077660042,-1.729175560714416,-21.860419439931555
2000-06-28,-10.307212209800579,-24.94277508513188,-3.4486126042786025,-21.247795638619863
2000-06-29,-10.432679186074898,-24.702682554100093,-3.111887348957213,-21.663052096983904
2000-06-30,-10.8952426425926,-25.802448951838777,-2.0096594277677147,-22.054980788087242
2000-07-01,-11.485940828893415,-25.396326524307703,-2.463914952947737,-22.119445539806318
2000-07-02,-9.178336444139015,-27.102600420352015,-3.160823602991622,-21.4906730174314
2000-07-03,-9.681907648915901,-26.287052922261218,-3.588664161059641,-21.61776478288823
2000-07-04,-8.14980665736676,-24.79122249384362,-2.2130922498028136,-22.165351438075508
2000-07-05,-9.00649230605204,-23.408057043905693,-1.9693646049832405,-23.923543329263413
2000-07-06,-8.48924672157328,-24.354817500537624,-3.655733887032391,-23.991099466413605
2000-07-07,-8.468965219617347,-24.05654802314996,-3.31175449091377,-23.991445339378558
2000-07-08,-7.823872494641451,-24.02634340449893,-4.595879551633647,-24.58616938878246
2000-07-09,-7.3408951027229215,-24.985656586252265,-3.638040950183027,-24.88384164397343
2000-07-10,-6.982941901925169,-25.247563865355907,-3.388876907768478,-24.83490813662577
2000-07-11,-6.069034555354737,-25.255795154445018,-4.567273113044994,-24.61596741556227
2000-07-12,-3.7144374718938296,-26.896088551650585,-4.790349589032947,-24.77786525509831
2000-07-13,-3.748999144768118,-26.197396349496742,-3.0902051480639647,-24.156835544432266
2000-07-14,-3.3350124068785263,-24.498204430246886,-1.7780253376627293,-24.68462242511031
2000-07-15,-5.095803215302001,-23.203363011651188,-2.34532157703736,-23.446724606772193
2000-07-16,-5.124315896597953,-21.949899862523043,-2.9308031554961103,-23.656829215041554
2000-07-17,-5.629294993547824,-22.411895895867655,-2.16173701463568,-24.73433979290881
2000-07-18,-5.437498688914976,-22.435971327305083,-2.5371687869441035,-24.725685555847132
2000-07-19,-3.407334448209774,-23.22077925425074,-1.8121298438838118,-25.22563195237562
2000-07-20,-3.3696176295781157,-23.718418602427604,-0.3118664887771887,-26.32717761104284
2000-07-21,-2.3975910106828513,-22.711265726790867,-1.9349193732817536,-25.800413350926497
2000-07-22,-2.8399146628950476,-23.857319434567174,-2.577347224592585,-27.05033745964439
2000-07-23,-2.7378857893956985,-25.30262684761857,-1.9973855943105023,-25.565569638175663
2000-07-24,-3.9918023294014215,-23.67088088587441,-0.5682257662694983,-23.80893032924843
2000-07-25,-4.575683275633196,-23.738201340707448,-0.254078487500703,-23.14735662779533
2000-07-26,-3.9074717737945814,-22.652633060749867,1.0963302596942464,-24.99768938375807
2000-07-27,-3.3893505098919134,-22.20232981690317,0.5140559965570002,-26.061909060586693
2000-07-28,-1.0755686391079329,-20.593982252267804,0.687170191804303,-25.932364225684026
2000-07-29,-2.713828705334341,-21.02417743296155,0.14195160125218598,-25.33278352389048
2000-07-30,-2.8028044129880514,-21.279469939380764,0.7995902917500288,-25.499920819517932
2000-07-31,-5.029792112940717,-21.325750239692212,1.3797882623668745,-25.879783361293253
2000-08-01,-4.0620013088561695,-21.220263164497567,-0.4451317826819179,-27.498176378501913
2000-08-02,-2.114440792992864,-22.219922950936745,-2.0671122500287167,-27.51119724981054
2000-08-03,-0.914632174203674,-21.968307086819237,-2.3252351518234047,-26.82109814822463
2000-08-04,-1.2884424491317594,-21.280431678082515,-2.415753920960198,-26.489609776210305
2000-08-05,-0.7680005677194367,-20.96862007080455,-1.3976191321145124,-26.41726184122566
2000-08-06,-0.6032081740432496,-20.990558706293488,-2.2219813356568894,-26.664994385625434
2000-08-07,-1.1660552870980925,-22.970056957212293,-3.636425703340952,-26.833238974709626
2000-08-08,-2.3283687487591194,-24.206858748154755,-3.386132177474582,-27.961944038770252
2000-08-09,-3.925718084127757,-22.402632373575408,-0.9490490187436045,-26.98600110534417
2000-08-10,-3.6031303712569533,-22.91895696278132,0.0054211000231773054,-26.318699308483488
2000-08-11,-3.801384426417525,-22.201184253879077,0.4777913771257707,-26.7558916873099
2000-08-12,-4.096660709318062,-22.21971713772272,0.4251258609849321,-25.61906397164843
2000-08-13,-4.684612810396227,-20.503505737352672,0.2419437573497355,-26.18825226647571
2000-08-14,-4.04306535967767,-22.544243038585897,0.34005076029645886,-27.11863970438983
2000-08-15,-3.510683071669802,-23.03597486470005,-0.26196856072182717,-26.64668991415599
2000-08-16,-1.0122331094779589,-22.83842256382557,-1.474548934887383,-26.121879536723863
2000-08-17,0.613385231965428,-21.02931649064621,-0.8785315573386663,-25.845479463470785
2000-08-18,0.9193982135806462,-18.936636630281185,-0.9061619678906138,-24.61336609032783
2000-08-19,0.703960531854547,-20.372021011441042,-1.928976019038498,-24.9982741634273
2000-08-20,1.622378573862994,-19.89217067692052,-1.0505861018711378,-24.812668079452553
2000-08-21,1.318874106378053,-20.78428473287803,-1.829293965259498,-24.83374213997171
2000-08-22,-0.2901889227968575,-21.853624924001434,-1.4381538564481944,-23.887110924589223
2000-08-23,-0.37877145276321256,-21.629723778105593,-4.088459534763807,-24.33875947356619
2000-08-24,0.9152216090109334,-20.833336814725588,-3.8604594692272842,-25.77569651134418
2000-08-25,1.677745672488112,-21.10678321307115,-2.7787047248425956,-24.77449228080647
2000-08-26,0.9585984361354153,-22.81333004134243,-2.5398733838370697,-24.589016409736477
2000-08-27,-1.577450745985285,-23.533115399252306,-1.351863499767849,-24.982184314820323
2000-08-28,-1.8419469632508993,-24.5281435022088,-1.2042675283692443,-26.18515249940253
2000-08-29,-1.677718315840265,-25.60332196099967,0.06518628394072468,-27.64532017629794
2000-08-30,-3.2025010006467554,-24.265105430990317,-1.4361301021702229,-28.92687227651162
2000-08-31,-4.266848601212954,-23.848655677055778,-3.902405802519325,-27.802380922959603
2000-09-01,-3.0173344618759574,-23.826155484998967,-5.1645327081557335,-28.180695104900735
2000-09-02,-2.6462344253341477,-23.236277560703506,-4.915193894383042,-27.142350248351303
2000-09-03,-4.147511384875948,-23.30752766886879,-4.3505843288427055,-27.054120065142655
2000-09-04,-3.689961146426528,-23.038586110330368,-2.946279336687348,-25.921522481066642
2000-09-05,-2.6366265535605566,-23.339616621621325,-3.0672136134984065,-25.754720462870928
2000-09-06,-2.153718455875455,-24.071760891292854,-3.7803357804715176,-25.011593011450323
2000-09-07,-2.1736346921396326,-24.14853863584161,-5.673581592911106,-25.099158355108543
2000-09-08,-2.7640727828379017,-24.318072788697375,-5.793177060502904,-26.44940766376525
2000-09-09,-1.6202700333214863,-24.72150376844454,-6.992595794536234,-25.23426506404723
2000-09-10,-2.4674234621230475,-23.099851670167528,-6.790813385094404,-27.018208987318737
2000-09-11,-2.7901317633696783,-21.856232179921083,-7.195229965753979,-26.765127234534713
2000-09-12,-2.6539141786307376,-21.19677574822619,-7.682984411660566,-26.066322239098866
2000-09-13,-3.73793833647629,-21.51511624061551,-7.669808269339437,-25.88464049973161
2000-09-14,-2.3028666742613173,-22.250669530519684,-8.589318828561986,-25.71169716238519
2000-09-15,-1.0208188593793375,-21.644146121554982,-9.727186398842932,-25.254517099591833
2000-09-16,-1.0769825862403832,-22.297357029630586,-10.394827129144998,-25.91918770799856
2000-09-17,-1.274442816334394,-22.29927851583671,-11.487431503266848,-25.04805715149733
2000-09-18,-2.903626697542085,-22.4169877677557,-12.112964545230174,-25.014339842785617
2000-09-19,-3.2340365745346826,-23.230151994097167,-11.918039592356973,-26.774020890919942
2000-09-20,-2.585425120056259,-24.020689866450308,-11.586583923016317,-27.408655767088533
2000-09-21,-2.8631747508844363,-25.208043537309283,-12.67089690874875,-28.996501557308303
2000-09-22,-3.6449411032188084,-26.96796939713315,-12.996622253080055,-27.448219055087538
2000-09-23,-3.4658513547746894,-25.575420302345737,-13.108133745085611,-27.29253074031992
2000-09-24,-4.434584821949259,-25.389447022696427,-13.816742323488212,-27.403655217421324
2000-09-25,-3.714835112270891,-23.780837764429126,-12.213670751624681,-26.874433757079935
2000-09-26,-3.168728576311283,-24.419168036370447,-12.847499670170581,-26.233833666335077
2000-09-27,-1.7144563125907002,-24.011059923644012,-13.69646282309225,-25.88241074877078
2000-09-28,-2.276612072002897,-26.052370812163694,-15.061137518955114,-24.99425173382365
2000-09-29,-0.9494234776176445,-25.457790524056747,-15.153360459734168,-24.808585053830058
2000-09-30,-1.5244033972239368,-23.824285841185592,-15.794652722984113,-22.198687169339756
2000-10-01,-2.129505044056963,-24.485659813523146,-13.79837555031373,-23.240583268361835
2000-10-02,-0.7267896360927442,-25.988257807496325,-12.138564206798382,-23.822910803605918
2000-10-03,-1.5673029783829704,-26.582048075074333,-11.7020360013661,-22.245264831020666
2000-10-04,-0.5458458201968808,-26.731738638302545,-12.20208260289827,-21.422068865190603
2000-10-05,-0.34478327435710954,-27.263636247019882,-10.857124337055602,-19.915699569204172
2000-10-06,-0.10591928510220466,-26.686887282940415,-11.312913526739923,-19.855276676128273
2000-10-07,0.09890616763845919,-26.603828835505052,-10.94269681473267,-20.23005089994629
2000-10-08,-0.4685392958873411,-28.622747887084685,-11.519906121501359,-18.253295908114715
2000-10-09,-1.9848270090982147,-28.51428866765771,-10.277561010917303,-17.445582075399617
2000-10-10,-2.6877453812618866,-27.609536312810217,-10.541573582461828,-19.37164874012516
2000-10-11,-4.1354584755839365,-28.771853051337157,-9.874776041002894,-18.931402674037397
2000-10-12,-4.434320237126762,-29.97434612207608,-9.92230774659177,-20.027670748933357
2000-10-13,-6.930735126657323,-29.917499138372776,-11.139277929339231,-21.84187986192024
2000-10-14,-6.36245520946756,-28.750263308074096,-10.933020016211948,-22.125324667829965
2000-10-15,-6.988209127713412,-28.196027809982937,-11.659917851923646,-20.721547496904776
2000-10-16,-5.681745050397608,-27.73308837662295,-11.714281773653546,-19.17833160249652
2000-10-17,-6.65384816869856,-27.390224076803023,-11.706150579958102,-18.811502111287446
2000-10-18,-7.555946420182329,-27.56895119432312,-10.150351238259198,-19.381255225063367
2000-10-19,-8.206226546675339,-25.687638310401322,-10.034482685308292,-20.06375955881293
2000-10-20,-8.64524815236415,-26.418502695366765,-10.376258239542684,-19.44756392063852
2000-10-21,-9.298566743105884,-24.951319824113682,-11.04440230474959,-19.751116802404088
2000-10-22,-9.058310669720328,-26.123728498005026,-11.517348949750717,-19.19018445413042
2000-10-23,-8.359770611433786,-27.56204793728643,-10.004835906260745,-20.318755886135257
2000-10-24,-6.952109464028551,-28.704048592319342,-9.660071429958222,-20.684584007586324
2000-10-25,-8.876289094506646,-30.512738570208143,-8.420184674009196,-21.720456732982807
2000-10-26,-10.339502329922217,-30.94998778224444,-7.7717363687153105,-21.897107252758865
2000-10-27,-11.127667158183124,-31.61463055763621,-10.036069970940362,-21.479646201378625
2000-10-28,-9.849295043496706,-32.72225280116985,-10.326929492951992,-20.741040191362814
2000-10-29,-8.63491684498174,-32.90668082774986,-10.629514746870354,-19.555101181722026
2000-10-30,-8.750974896183902,-32.02455399553885,-12.395285811241706,-20.69168169996826
2000-10-31,-8.713207319334852,-31.97086706242868,-13.04488284023954,-21.94451098085566
2000-11-01,-8.109504432124687,-31.66225910220155,-13.388805233166009,-22.338490088751023
2000-11-02,-6.959420797418902,-30.715084887954276,-12.773048282184458,-22.8827645060951
2000-11-03,-6.881106570054947,-30.45510522928042,-12.753928012729165,-22.720273675721057
2000-11-04,-6.586464151773888,-31.559199371643032,-14.834178305408269,-23.25523545506345
2000-11-05,-6.059389586312375,-33.165084285178054,-14.43153712665458,-24.764482657664306
2000-11-06,-5.733070007849976,-32.37967647787622,-13.270633095189886,-25.550281766695992
2000-11-07,-4.387462536154775,-32.6686655652282,-13.321916856148546,-25.002502847057738
2000-11-08,-4.79418402915714,-33.19432720721461,-12.898776074705308,-27.396680115384207
2000-11-09,-4.974748348877717,-34.49970421126286,-10.763518245184283,-27.151501564425654
2000-11-10,-3.3663094947939527,-34.118152589112654,-11.142376541807664,-26.70726809958932
2000-11-11,-4.032007190227338,-35.79513447091899,-11.898154958015676,-25.17512969084222
2000-11-12,-4.2663066787941615,-35.487249201702575,-11.885925437340173,-24.586489344238377
2000-11-13,-3.875867344058326,-35.65122200491612,-11.516819815507208,-25.61820326928044
2000-11-14,-2.3946416525718073,-37.53407444144379,-10.850243439087249,-24.826362889914833
2000-11-15,-4.535690895957932,-39.47177334261584,-9.837806666155434,-24.98271548481034
2000-11-16,-6.492221026214807,-40.01082269158333,-10.768412134564485,-26.26254733538492
2000-11-17,-7.378500221074041,-40.40527317056459,-10.458770531591213,-23.779006450245895
2000-11-18,-9.138118410153606,-39.38210932875495,-11.616651330220956,-23.914079288510607
2000-11-19,-9.072445287380539,-39.54718178084266,-13.777792111684136,-23.696211979939882
2000-11-20,-8.609805292878773,-40.51860037802795,-14.213219801122593,-23.263450610410295
2000-11-21,-7.557138755257933,-41.264840206983344,-13.095066962122594,-23.603556039400388
2000-11-22,-9.200556538314846,-41.70452639831248,-13.21902563338382,-22.777375422813453
2000-11-23,-9.490442702317603,-40.19969357270126,-13.575598541276525,-22.240253484498723
2000-11-24,-9.931997351454076,-39.642237187290156,-14.868570108850943,-22.89316879666939
2000-11-25,-7.719940073851188,-38.7897976948974,-15.568123132645946,-21.744977533783658
2000-11-26,-7.9528932611436325,-39.1913151231462,-16.371084403070228,-23.117259861727977
2000-11-27,-6.0456572342693145,-40.69299355588014,-17.449393232976167,-24.821283276172423
2000-11-28,-5.325608326979123,-39.31169005101455,-17.72645432027893,-24.735811056366888
2000-11-29,-5.566199813564537,-39.41348560704874,-17.30356878875211,-25.54445424881313
2000-11-30,-5.42120202383552,-38.46119308434587,-16.12610149953656,-25.07798192697267
2000-12-01,-6.309187790405515,-38.47625479846125,-14.579054103075991,-24.480272513726376
2000-12-02,-5.58749911071956,-39.315550007103575,-14.367231415664582,-24.481385026237273
2000-12-03,-5.178442547896468,-39.54991435564712,-13.844813387429959,-25.26539078298743
2000-12-04,-5.173760598782093,-41.026498549990045,-14.501769263858042,-25.786084872316525
2000-12-05,-5.321537530121204,-41.96356413639191,-16.005163269425868,-25.067934587131127
2000-12-06,-7.34515937366389,-41.82821994360673,-15.624470097121764,-25.24958135934485
2000-12-07,-7.313876970941227,-41.48678843303454,-16.67023890154777,-23.907417359377995
2000-12-08,-6.277657180906816,-42.792226004574,-15.608182642188334,-26.355495636691533
2000-12-09,-6.312363688988138,-44.149251281944665,-15.635642819234386,-25.206897551444303
2000-12-10,-7.208014702784593,-44.73753887682204,-15.408102948254232,-25.949187787053216
2000-12-11,-6.297033849477762,-43.33482140155229,-15.616545801472679,-27.253682589725887
2000-12-12,-8.024592752250655,-43.06580757736418,-17.304959268763934,-26.90697342526344
2000-12-13,-9.745696555985312,-42.28896921981043,-18.237725201504972,-28.454361727608333
2000-12-14,-9.76600879145631,-42.83597323223775,-17.93885034531633,-29.170044215269897
2000-12-15,-9.880055805442872,-42.37536308506356,-17.145561126955595,-28.586244275199654
2000-12-16,-10.010917428399244,-42.65819744748454,-16.37422206409273,-29.494181731071595
2000-12-17,-10.030795392505917,-40.90999793600958,-17.101243697449725,-31.353039264471587
2000-12-18,-12.621632866490549,-39.207346513779505,-16.335932855885506,-30.388441196160937
2000-12-19,-13.21106347429169,-38.17361556407856,-17.19067224677612,-31.684187017608263
2000-12-20,-12.218093697853563,-38.29405623024828,-16.461336661613633,-31.6825976763078
2000-12-21,-11.914240337433474,-37.152192676049204,-16.750852478799523,-31.20099414935572
2000-12-22,-10.61882014444939,-37.50740966185738,-16.68916952176304,-29.28652388281664
2000-12-23,-9.51920248921258,-38.24009587087922,-17.839671172424048,-28.8949888935312
2000-12-24,-8.506726719966462,-36.80510489627119,-17.883077931972164,-25.307637162178857
2000-12-25,-7.1417918566228265,-37.41722071878118,-17.65188081822199,-24.837657229975882
2000-12-26,-7.379932556071577,-37.81051561512647,-15.094819441465425,-23.637618825357638
2000-12-27,-8.899848885607334,-37.74989087316768,-13.96018764873499,-24.54753433995628
2000-12-28,-9.26026591682586,-37.380585030852416,-13.894229841893141,-23.79372662104063
2000-12-29,-9.397484388707422,-37.86887230409287,-14.83303964275632,-24.15410030038987
2000-12-30,-9.141757146971141,-39.29939342554032,-16.702870884602124,-22.275319837911585
2000-12-31,-9.856914821288461,-38.58229417208793,-15.325392277601427,-22.844644816711366
2001-01-01,-10.918113611579733,-39.41002407893382,-14.808153613189992,-24.22625050417233
2001-01-02,-10.910820163001521,-40.38576160976223,-15.90704180250732,-24.862589745698095
2001-01-03,-11.17963303102401,-37.469890967546974,-17.47656322923444,-24.688604775774035
2001-01-04,-8.90828569390289,-38.30896827200327,-18.359806861056942,-26.274464454995456
2001-01-05,-9.773099293092265,-39.922694348422176,-18.521329127658095,-26.91894608008343
2001-01-06,-11.007597675894015,-40.0929660353602,-18.768066992040747,-26.07497006104782
2001-01-07,-11.011685655208037,-39.4183877901105,-18.311240736784864,-23.61489328533271
2001-01-08,-10.41644801018538,-40.72371402639914,-18.465002874402096,-23.237666418827715
2001-01-09,-11.311908192657171,-41.511377956772684,-18.329093379116728,-23.68261945671153
2001-01-10,-10.757798394276117,-41.75081680298439,-17.727484574451825,-23.11246647387189
2001-01-11,-11.412670003554632,-42.22380510436464,-18.037580985558385,-24.127508316385832
2001-01-12,-12.123194950845075,-43.8172904907989,-18.203615397920355,-22.60900107972443
2001-01-13,-11.583307525003768,-42.24978151580908,-17.14976210018311,-23.306442660860405
2001-01-14,-12.198514295951785,-42.147663247775924,-17.345424030348713,-22.33730905549622
2001-01-15,-13.40229766064259,-42.19088261991801,-16.889236918342814,-23.841799070315556
2001-01-16,-15.054926481547067,-42.66244788045139,-15.328169312075843,-25.163509455094573
2001-01-17,-13.34670346072455,-41.83993936322865,-16.982640687766537,-25.241800810986398
2001-01-18,-14.266286033504556,-41.991766198316284,-17.024640436886077,-26.997464708736008
2001-01-19,-14.844519114814126,-40.8725426777994,-18.81558690668466,-26.61409202929909
2001-01-20,-13.95005485598465,-40.142998611238575,-17.952401464763373,-25.248294767632892
2001-01-21,-13.934339166026811,-39.13002831168759,-17.794537688534025,-25.660738812043046
2001-01-22,-14.434248942286583,-41.39060243913367,-18.485046769545654,-24.75062974115531
2001-01-23,-14.165069997205737,-41.843960728736064,-18.94299543406464,-25.509082513900744
2001-01-24,-15.60475398771213,-41.66429344378205,-19.494704754864713,-26.48080300154923
2001-01-25,-15.693451237942195,-40.5753162680965,-17.67675029723961,-25.858202699222893
2001-01-26,-16.326479290993607,-41.74236482350331,-18.73042635222138,-27.51538664296227
2001-01-27,-15.396590370691294,-41.30718597960164,-18.426431393589425,-26.992322327110852
2001-01-28,-15.009120610950635,-39.71229380168419,-18.916792818372695,-25.69854775948859
2001-01-29,-13.905885802384912,-39.28406032637299,-20.825398049546944,-26.621239110133452
2001-01-30,-13.761786577786472,-40.23049546215118,-21.565419457791347,-26.782124859050114
2001-01-31,-12.999068551546234,-40.509482605318155,-22.66711314234737,-26.99694723527909
2001-02-01,-13.808216672294241,-41.16569976376828,-22.380765046150987,-25.803985530213016
2001-02-02,-12.531391489091115,-43.739085314806715,-22.540940376811072,-26.589066918805308
2001-02-03,-14.015622674964073,-45.90002594316479,-21.12894258885013,-27.41864372295849
2001-02-04,-14.192002625609735,-46.48682275772572,-20.068217707247207,-27.220403012848763
2001-02-05,-13.799015636237154,-45.371401441536804,-19.574603014682577,-27.599416423191006
2001-02-06,-12.182073304490045,-45.00241379273963,-20.15200982612601,-26.347809555648606
2001-02-07,-12.440078562499977,-44.49234035100976,-20.447476969577323,-27.073244725521068
2001-02-08,-12.702725435809022,-45.91573578219648,-20.62968181030333,-25.349152483775853
2001-02-09,-13.476148802134112,-45.04897374292327,-19.752165384046872,-26.41816409964267
2001-02-10,-14.531392556884898,-45.2036912708025,-18.024846385066404,-24.197250398968283
2001-02-11,-13.476322758030832,-46.22253202841686,-19.062591781666036,-23.818401703834382
2001-02-12,-14.100867164955128,-46.38206107223342,-18.54175109996884,-24.884347475336
2001-02-13,-13.86657775893842,-44.78424827098708,-16.666866053057486,-26.004983789215807
2001-02-14,-11.975261670579236,-44.03683672362267,-17.068327929963917,-24.554127499061554
2001-02-15,-13.085147909094584,-44.263532016904094,-18.1489149204126,-24.330604798467185
2001-02-16,-13.0697272200413,-45.98637742585855,-20.31227926094995,-23.385122154867965
2001-02-17,-14.115491990288113,-46.30750196021768,-21.429730327778003,-22.124266999825068
2001-02-18,-13.637985893018255,-43.39247651111338,-21.176849680255806,-21.4753580727052
2001-02-19,-14.741914409364522,-44.12232533672573,-21.057439380981215,-19.94161812218656
2001-02-20,-14.921301645364464,-44.56240770718139,-20.54440243719206,-19.969479311622987
2001-02-21,-14.689400198573592,-45.49250792446963,-21.34952255346257,-19.818479981475846
2001-02-22,-14.491845786140349,-45.13674745961041,-22.516013258367536,-21.96518317323083
2001-02-23,-13.116552378468139,-44.50481813197124,-22.696362515679343,-21.862511919918322
2001-02-24,-13.563142962793645,-44.62596392826826,-21.715579433796364,-21.746202146082343
2001-02-25,-13.152220167623874,-44.79160009394957,-20.1915321237425,-20.300703233064603
2001-02-26,-15.139781110794672,-43.88796844099277,-19.57195837559045,-21.099230642204073
2001-02-27,-15.755183829804391,-43.58522588394463,-18.23512294964903,-21.9773527960298
2001-02-28,-14.810649822640416,-43.01815161402505,-19.787086986894362,-21.306946671776565
2001-03-01,-15.077217116226773,-41.97246635273527,-19.655284342834893,-20.82088054246806
2001-03-02,-13.994173866819397,-41.41150630412359,-17.61787807053501,-21.59097906369
2001-03-03,-13.533857338893283,-41.998469286153714,-17.953621030879756,-22.492753009680072
2001-03-04,-13.109302386753688,-40.82968483530963,-16.968842759984476,-21.276152765435565
2001-03-05,-12.716010509242166,-41.107672865588405,-17.16801857771148,-21.525776821903005
2001-03-06,-12.786153359375906,-42.88298329801937,-16.942824610462885,-21.74357511454684
2001-03-07,-12.976351707909933,-41.810782577080445,-17.816268050120318,-21.46730734157283
2001-03-08,-14.089729869033718,-43.23148541463278,-17.302323724936013,-22.476288788415047
2001-03-09,-13.528179534684766,-44.108235179765934,-16.66908541430893,-23.167102152165832
2001-03-10,-13.35772711172199,-46.445485980643845,-17.88596858259595,-22.56084534179242
2001-03-11,-13.452307409174578,-44.21497356091041,-17.39630336512355,-23.40111920850614
2001-03-12,-12.98402541186463,-44.48908283051336,-17.41570344610348,-23.826709123683106
2001-03-13,-14.584112347691967,-43.55257094225145,-18.432127814617655,-23.65788529119115
2001-03-14,-14.28547732572387,-42.46638154432195,-20.16080321363897,-21.917582280451615
2001-03-15,-14.037630901742991,-44.02215932417756,-19.42032917179781,-22.965079376672687
2001-03-16,-14.654107240682384,-44.903318313404405,-19.09733573625461,-22.89500210823203
2001-03-17,-15.145796114295152,-43.391616102905616,-19.21890651519406,-22.784532741268354
2001-03-18,-14.348343970466438,-43.832531349649976,-19.2222753106941,-23.109847750722853
2001-03-19,-14.38480523734822,-43.69502192844432,-18.89462512844011,-23.974100070728078
2001-03-20,-14.785324064015946,-46.33063082968147,-19.590226052208276,-24.651810782803423
2001-03-21,-14.694093376977987,-46.10962151195715,-20.003564071264837,-23.35492663509614
2001-03-22,-14.907280488514221,-45.365095775293184,-20.679553780820644,-24.47098470551661
2001-03-23,-15.798219303744267,-44.416167133929896,-20.427798296809463,-24.461349642096586
2001-03-24,-18.39423160619007,-43.05260685709982,-20.85825264673674,-23.87116552664099
2001-03-25,-18.215370302514906,-43.672819930442024,-22.585019265474443,-22.15426561955513
2001-03-26,-19.975585556649772,-42.775787908180064,-22.689346822604403,-23.128626957432346
2001-03-27,-18.090698284086447,-42.2374815623481,-23.476869002031076,-22.711294072181087
2001-03-28,-16.649798853084004,-42.17402175090471,-22.08544299620447,-22.473569654818505
2001-03-29,-16.540086592347496,-41.451413909337205,-22.02013184709461,-22.738389725175306
2001-03-30,-16.470272005654422,-42.857036513197464,-22.54390708705945,-21.35751247065317
2001-03-31,-16.973109631725883,-42.12068409982862,-22.10137968789236,-20.271382230707935
2001-04-01,-16.643602903922154,-41.09710980113184,-22.96044818248912,-21.14520062778824
2001-04-02,-16.66168999710752,-41.54209547589985,-22.170938109511088,-20.201073790082663
2001-04-03,-17.369837966973073,-42.78375129557729,-22.177783478594556,-20.097840252397116
2001-04-04,-17.437349732567125,-40.64139467150926,-23.341704976745802,-21.08975683798362
2001-04-05,-16.63910781838093,-40.68356504080216,-23.813365680082388,-21.06095490940312
2001-04-06,-17.19434536034108,-40.508815195663196,-23.92478824124845,-22.01864324645507
2001-04-07,-17.302631042880968,-40.3317900880934,-25.024509956557683,-23.433232942451276
2001-04-08,-18.83477696515035,-41.29296286876918,-25.39729727297333,-24.626626167118367
2001-04-09,-16.621739638516523,-39.96982998341104,-25.99566851947113,-24.397442217828115
2001-04-10,-15.687265737775945,-39.607554027575304,-27.23238322263406,-23.730366202891368
2001-04-11,-13.763748827400242,-39.79826279656246,-25.881098759292698,-23.790116437598794
2001-04-12,-13.289152571891535,-38.770095006061716,-25.19258774493069,-22.967385165826748
2001-04-13,-12.62166466576804,-38.181418069306346,-24.926333145398484,-21.849343612107273
2001-04-14,-11.7995014855108,-37.27684485679749,-25.487854643646223,-22.619656012291934
2001-04-15,-13.261742680818346,-37.7707890209093,-26.099587637874706,-23.65949969654683
2001-04-16,-13.640855070072474,-36.64691619379811,-27.205430303394017,-24.029433801053422
2001-04-17,-14.115621396647112,-38.07456052514466,-29.755813907196575,-22.927872715871285
2001-04-18,-14.449143744845616,-37.103409657403844,-30.435485042693145,-23.790337265353074
2001-04-19,-14.858874082565606,-37.90735385057745,-30.76271537678768,-23.366863482671985
2001-04-20,-12.084771646415277,-38.07486567042985,-29.977812972557114,-22.505613862396245
2001-04-21,-12.543963189005192,-39.08756051794196,-30.53570978319209,-22.563047517887096
2001-04-22,-13.160638213667161,-39.6291729092173,-30.907290084743476,-22.61068349213768
2001-04-23,-13.653113878153357,-40.08560762533026,-29.921816351453973,-22.20802080335803
2001-04-24,-13.751233455782515,-40.978762071360116,-31.310959222687295,-21.580905238166345
2001-04-25,-13.916783395720945,-40.3821203990751,-32.92284972792305,-21.194970976908277
2001-04-26,-15.405037156898382,-40.814773234206115,-33.89498702851988,-21.211586413268396
2001-04-27,-13.78875059555082,-42.952458581192616,-34.158668180007524,-20.26807202681747
2001-04-28,-12.268412877848073,-42.81375599227676,-32.62462557254556,-21.109423735675385
2001-04-29,-11.406617020966467,-41.52654226065617,-32.60887751382976,-18.99559501570157
2001-04-30,-10.845965697146443,-41.675530697346225,-34.13844607055568,-17.475662732712134
2001-05-01,-12.331292255325108,-41.47322092156259,-34.3753381198689,-17.180794275185747
2001-05-02,-11.910591614033853,-42.135471852384526,-34.41188062409063,-18.286258513369866
2001-05-03,-9.994541996533249,-41.46728029107841,-35.33921449178777,-19.686302753402877
2001-05-04,-9.79634786121548,-42.28591363416172,-36.222887672049865,-19.090507712041685
2001-05-05,-10.230412160132346,-44.12999099091354,-35.8235006047179,-18.462496799368214
2001-05-06,-11.465253648975962,-43.89935259230045,-35.43176329948939,-18.218935626431065
2001-05-07,-9.889265588100155,-42.35838674706986,-36.64378827619339,-18.12275217072452
2001-05-08,-11.81227430915488,-42.92466450520248,-35.953729234649806,-16.040010958511463
2001-05-09,-10.733555557757848,-43.73047958372704,-36.62697464020079,-15.198060436022612
2001-05-10,-10.138664084295865,-42.61230033783752,-36.69417085160036,-16.311883572554336
2001-05-11,-9.608978779843326,-42.5951022124832,-37.1067556151293,-16.380631055861226
2001-05-12,-11.152043691785336,-41.49160127370033,-36.99082374069673,-16.426671541164055
2001-05-13,-13.484632313208683,-41.36149300519549,-38.30097806044241,-17.152559379050967
2001-05-14,-11.983312395101263,-40.986395243872856,-38.00700238339544,-18.21870621874057
2001-05-15,-14.421367052758328,-42.50402421401182,-38.22447661896601,-17.62151292384395
2001-05-16,-12.51806372372165,-44.60331793657843,-38.84804274728711,-17.270787215646628
2001-05-17,-12.008697684282208,-44.87595086283632,-36.935375788420245,-18.246816455874676
2001-05-18,-11.769850372926653,-43.93260372463908,-38.60208431794921,-20.460567346735424
2001-05-19,-11.007518075745056,-42.535259467463796,-37.729763405095035,-20.290484974652227
2001-05-20,-12.026345929305492,-43.51113346906676,-37.889774035407484,-19.33467952451983
2001-05-21,-13.369527755106208,-42.62738249187785,-37.348315302172665,-18.787317543828678
2001-05-22,-12.889476974818614,-41.77200818072082,-35.91962386614483,-17.686280939262694
2001-05-23,-13.499875225446841,-42.26465661751729,-37.61344346588639,-18.426371012659143
2001-05-24,-15.385349044916245,-42.0875608830269,-36.83817565295146,-17.80479680777439
2001-05-25,-14.960407886630685,-42.358250888633684,-37.01654867676276,-17.610554936196067
2001-05-26,-14.185253049253694,-41.99570495266195,-36.26509081489015,-17.300208524621983
2001-05-27,-13.664145296246597,-43.00855574786866,-37.369657066833405,-17.649571764336997
2001-05-28,-12.55783366202366,-43.3516278970749,-37.945392447086775,-16.095383839437623
2001-05-29,-12.923114172880226,-41.52839563481047,-39.32697944922564,-16.449914277536912
2001-05-30,-13.182199968848176,-42.77251160803121,-39.258572220888375,-15.229340658123043
2001-05-31,-11.96994380551042,-42.56004814849446,-38.92973577684923,-15.537423797406747
2001-06-01,-12.881341508698842,-43.253539624152026,-39.74386347740142,-16.627788161457683
2001-06-02,-11.852564416457122,-45.396877497220835,-40.04195113128763,-17.876384453058908
2001-06-03,-10.914145396760555,-47.0884755929847,-38.906017766759724,-18.69931805737167
2001-06-04,-9.60000780653297,-47.47518544083465,-39.37414389979203,-18.229170477514483
2001-06-05,-9.488925636808073,-48.50029025463625,-38.99528225501683,-18.378761920350975
2001-06-06,-9.32222029763558,-47.643951020058914,-38.481811358163114,-18.461271126654744
2001-06-07,-11.116972056124933,-46.30015439047032,-38.648947140267296,-19.930220739716493
2001-06-08,-12.014964961141947,-46.182299613599035,-38.44551294325156,-20.15279996510536
2001-06-09,-13.1803921160764,-46.29719026503411,-37.40883543344595,-19.941362059263085
2001-06-10,-14.534787136934352,-47.97421216292311,-38.20403524087998,-19.100129588815502
2001-06-11,-13.819671696796258,-47.169810080807366,-38.0170501729591,-19.00040487934225
2001-06-12,-14.788860928455808,-46.654123425557046,-38.63275093689307,-18.221967967568634
2001-06-13,-14.954005031286684,-47.96129437736942,-38.300879186541884,-18.58509047847811
2001-06-14,-16.386388704980096,-47.05271761016478,-37.20771321675143,-19.138040006421036
2001-06-15,-15.977177821233994,-47.655799357629355,-36.79357418188873,-17.027897924632434
2001-06-16,-14.704531672291262,-48.40285876265209,-35.396314082808956,-16.1911322287097
2001-06-17,-15.52690029803503,-48.7507030115623,-35.26678803536153,-14.795361574654612
2001-06-18,-14.642915662743256,-48.58453791707277,-36.06502585530056,-15.026709501255285
2001-06-19,-14.767772997284787,-50.39391079513424,-34.938062469921334,-15.10856168594254
2001-06-20,-13.472803214558642,-49.96050656951134,-35.7304961713472,-15.577323869536874
2001-06-21,-13.474591981028256,-49.4005533140664,-35.25187063071996,-15.834829638968959
2001-06-22,-13.228429060541538,-50.02589456648057,-36.07654785215706,-15.182124642418362
2001-06-23,-12.802372476011291,-50.57765548688691,-35.57720817383939,-14.824423604062444
2001-06-24,-13.230818042758372,-52.329516999357956,-34.29136057584853,-15.414494957029
2001-06-25,-13.221132359476998,-51.11054737877738,-33.232330197695006,-16.63795265342849
2001-06-26,-12.492201635843724,-51.21853120538603,-33.42090107356847,-17.422183027430776
2001-06-27,-12.5786403282292,-51.495278599406284,-34.669386141168125,-18.37704116778259
2001-06-28,-15.20627927048224,-52.75731951219349,-33.25169324866526,-18.51570219754159
2001-06-29,-16.313600719205887,-53.15163493789711,-33.3649759575969,-19.632934720951997
2001-06-30,-15.456695671490875,-52.14424468729926,-32.3492890319974,-19.626939114648586
2001-07-01,-15.36328597383735,-53.233753281122766,-31.67836942958559,-19.991103931274807
2001-07-02,-16.878785690716384,-53.47593232254698,-30.757762195811644,-21.269397602268455
2001-07-03,-16.25100715325768,-53.5938637479768,-31.58219805454734,-18.563178453163804
2001-07-04,-14.985138964371425,-54.73464838485038,-31.730623159150912,-18.069990110198496
2001-07-05,-14.220123982314226,-54.31703806496818,-31.140985707157977,-20.365288745747232
2001-07-06,-14.214116767430644,-55.992473199374594,-32.04343084682653,-19.01940376409332
2001-07-07,-12.420526875249752,-55.5962005809642,-31.924441056144694,-17.587027328482755
2001-07-08,-13.16128745725825,-55.03848060219689,-31.666913040208946,-16.41680156322711
2001-07-09,-14.781003399289782,-55.23554179524126,-31.24683945392806,-17.012878140192214
2001-07-10,-16.430163145787958,-56.13399316918814,-31.94268589246007,-16.01805177539374
2001-07-11,-15.529986176773562,-55.54968186974548,-33.46807333391382,-14.313128248124203
2001-07-12,-17.75287150986353,-53.788194808342716,-30.991723914888258,-14.768630218467607
2001-07-13,-17.33227832650035,-54.31523350669791,-31.472874218269585,-14.825776006897916
2001-07-14,-18.60197360100837,-55.445334398462734,-31.7242660266742,-15.938378191596698
2001-07-15,-16.642413372414527,-54.990772854668606,-32.207912392526936,-14.95539254000753
2001-07-16,-17.543949810816102,-55.93615586632706,-31.433171492758415,-17.35845726915265
2001-07-17,-18.834918135254817,-57.085108745265536,-29.381918097569372,-17.29804078471526
2001-07-18,-19.843572250662795,-59.87666139902453,-28.434418545321257,-18.98134853096908
2001-07-19,-18.116357041926598,-60.08711963676768,-28.54540241530666,-20.171570819150134
2001-07-20,-18.593869730748782,-60.81106346906147,-29.208917667717106,-20.412796976895088
2001-07-21,-18.12857654516858,-61.40675873440191,-28.361361840702482,-19.175354327484243
2001-07-22,-18.164647931592746,-60.671028199331666,-27.671453619816543,-17.919471289171714
2001-07-23,-19.183430207930304,-61.41058944556928,-28.376066088488855,-18.067529492389497
2001-07-24,-19.24144646930594,-61.77488040185355,-30.183598312681788,-18.18699902427871
2001-07-25,-20.05673050836298,-62.133753064263146,-29.665183355338563,-19.14364911466703
2001-07-26,-19.983605785039316,-62.385390022781166,-29.899173363678365,-19.37617651133241
2001-07-27,-18.742286114806475,-61.754588112989246,-29.059683974377553,-21.224995449370432
2001-07-28,-18.159488438963233,-61.00016434412141,-29.20286778852756,-20.628742461839312
2001-07-29,-19.02930700377271,-59.53308622618056,-30.824803351908134,-19.21133142573142
2001-07-30,-20.15366621044347,-58.157045509628595,-30.41816359420798,-18.66183872098312
2001-07-31,-21.30598416322942,-58.09813134615567,-30.204903001285487,-19.043462629426465
2001-08-01,-19.703325123132426,-58.956752046976476,-29.185453127852224,-18.647156127660665
2001-08-02,-19.725017943767003,-56.60893265266632,-29.149049797327795,-20.023521460221154
2001-08-03,-20.029242053495356,-55.74837995399759,-29.374319464758337,-19.03153888914349
2001-08-04,-19.054642761162253,-55.916997422666704,-29.092912460167412,-18.82709546395528
2001-08-05,-17.715015015844976,-55.3177027856316,-28.793502689451397,-19.034465966675814
2001-08-06,-17.819987035868312,-55.856705320887066,-27.11656793850119,-19.077177960832874
2001-08-07,-18.301209018439028,-54.536421542783415,-28.787485773330832,-19.0239299743004
2001-08-08,-20.2996654685703,-53.58885160151042,-30.010237682003332,-18.937369423751992
2001-08-09,-20.319952303609444,-53.65610876173888,-29.99043813724282,-19.291830548346006
2001-08-10,-21.87531114816174,-54.85515190720449,-29.9464639837074,-21.785638993371833
2001-08-11,-21.909183607312947,-55.91281026396883,-30.778386345916836,-20.447699502933524
2001-08-12,-23.55028712571374,-57.072590043817186,-30.255969507799843,-19.751982253759405
2001-08-13,-23.75681161647628,-58.757442451962625,-30.824830912453717,-19.548078206642252
2001-08-14,-24.042992893017626,-58.74646891016387,-31.451173474518647,-20.573346325648043
2001-08-15,-24.69785268673886,-58.377331141044735,-31.50225172335785,-21.908736645598974
2001-08-16,-24.38288600488058,-56.14864795303754,-32.39848149799445,-21.862771149867015
2001-08-17,-23.729869174909567,-54.13181712945422,-32.739734405054705,-22.311323963692747
2001-08-18,-25.875768470957805,-53.99862832798794,-33.26373025983117,-20.876707464606646
2001-08-19,-26.721154329088023,-54.203486111461146,-33.75650116154273,-18.96468956894948
2001-08-20,-27.356720329815616,-52.12807477940427,-33.49976014240817,-18.084086734766547
2001-08-21,-30.652083991250795,-53.00694701216703,-35.37221633943739,-17.796820719026137
2001-08-22,-30.623303276193894,-53.095546846379705,-34.758071190788705,-17.719560284165897
2001-08-23,-30.328801912313754,-53.1338032655246,-35.67210967963089,-16.148874517087492
2001-08-24,-29.032974264169283,-53.263319287238275,-34.938025468508044,-18.260297174200602
2001-08-25,-27.927102585902702,-54.57897297934518,-34.62426679608946,-18.13746361806737
2001-08-26,-27.935785338838215,-54.49642811342483,-35.95506411401725,-16.773752609435448
2001-08-27,-29.041012210266327,-55.81198511476278,-36.959913157585575,-17.499676880176636
2001-08-28,-29.577775609297078,-54.84592660125032,-38.676366688630345,-16.903920204057837
2001-08-29,-29.27761236681155,-53.68226816419346,-38.50492310712878,-16.856234812807042
2001-08-30,-28.59319462864726,-54.07753573017082,-38.98591721780119,-16.887629468776616
2001-08-31,-29.21018216376219,-53.72604392964602,-39.00767963048366,-17.179464270882818
2001-09-01,-29.71600796898417,-53.499675043453216,-39.836492156767264,-18.294027630559988
2001-09-02,-30.966615798686796,-52.33274260939184,-42.20016318660855,-17.306983656171514
2001-09-03,-32.18542955260038,-52.027704585271614,-43.65851593210554,-15.924667304796621
2001-09-04,-33.35026829103106,-51.90763031392235,-44.509968741227304,-16.804421999890238
2001-09-05,-32.71306930936923,-49.72143904712809,-45.661868293520115,-15.166040552580819
2001-09-06,-31.488837178328065,-50.434853114797534,-43.23201944592666,-14.811287961454791
2001-09-07,-32.75496249555631,-50.841590239117025,-42.5354628511781,-15.492722152684522
2001-09-08,-33.40091764854018,-51.76001286414144,-41.710283736292354,-14.353598247088291
2001-09-09,-34.29485643753279,-49.31660099504211,-40.876884974534654,-15.97704156916026
2001-09-10,-33.375461505959585,-47.94859883830419,-41.70279556108944,-17.243908198540506
2001-09-11,-33.320355366079085,-48.032787332129,-41.49713986610917,-20.086114916988386
2001-09-12,-33.88548643231593,-47.213815682793935,-42.76625057599517,-20.840939705834295
2001-09-13,-34.672654818254074,-48.48321734117424,-42.362011618079556,-20.489531377355906
2001-09-14,-33.95511174672044,-49.25049924122763,-43.351691777770185,-19.600016019071255
2001-09-15,-35.50583856467036,-48.807614132632786,-42.43636328651381,-20.968131953994483
2001-09-16,-37.057945311041095,-47.96399342889622,-41.460572797914715,-20.432269741990826
2001-09-17,-36.57385662846433,-47.038112624083944,-40.01966441581077,-20.302917305473645
2001-09-18,-36.83757877135412,-48.07628503632429,-39.306499463848226,-19.49206860451091
2001-09-19,-36.11119285046695,-47.35040713918857,-40.50053583098202,-18.190510709598026
2001-09-20,-35.271046966770854,-48.39074970378813,-39.09027136197971,-19.147299219270145
2001-09-21,-34.9148203019877,-48.45736083222375,-39.41160871156835,-19.317451768113568
2001-09-22,-32.729683555330155,-49.36864424393783,-37.44594512140521,-20.31878243342222
2001-09-23,-31.17516367825782,-49.57202653022247,-36.962216939330006,-20.684010554096176
2001-09-24,-31.681760757360294,-49.207129564781994,-36.10282750309898,-20.559677225608194
2001-09-25,-30.17107246976635,-50.52339448728689,-36.83686964385172,-18.970867633151354
2001-09-26,-28.9756078766977,-52.1458894364688,-35.00429246274895,-17.85753696952684
2001-09-27,-28.025144730125927,-54.01119235277396,-36.63822760424059,-18.08293509625448
2001-09-28,-28.237452809301548,-51.94778010780705,-38.16795174576155,-18.30985491614807
2001-09-29,-29.408341862069264,-51.668874819838216,-37.081447262347645,-19.277469682168437
2001-09-30,-28.543775038375173,-50.24134403773913,-37.876347096219554,-19.3104025083528
2001-10-01,-29.411682366147872,-50.47173899558724,-37.65155296852162,-20.300094217351628
2001-10-02,-28.380368466587413,-49.87978389902394,-39.65608541077851,-20.187849307375902
2001-10-03,-29.20729566440925,-49.288092329707254,-39.24808733162456,-21.235751424469665
2001-10-04,-29.21814371103729,-48.062024804490584,-41.18684806886178,-20.89937440435208
2001-10-05,-30.337292277394315,-47.829811446906106,-39.502424863673724,-21.70032489528558
2001-10-06,-29.879021831179326,-47.942754725080526,-40.5435015375632,-20.73371343081148
2001-10-07,-29.476275827191873,-49.26300108898503,-40.684752908662134,-21.191878715573775
2001-10-08,-30.046513622843296,-48.181414314440765,-42.136222275669176,-20.578610758575177
2001-10-09,-30.218030143450513,-47.79496174163409,-42.48109021534558,-21.80142673351516
2001-10-10,-30.085427876032213,-47.594484911775446,-42.14337987690019,-21.90989165980401
2001-10-11,-30.66462009758816,-46.29732937112029,-41.2855637859798,-20.37123711309797
2001-10-12,-31.2638154856239,-46.582531926226444,-41.34240199158295,-20.930481692763834
2001-10-13,-30.052441947484926,-48.3228582939008,-42.831272661677176,-22.84647562925438
2001-10-14,-28.519334232557686,-47.28042205112554,-40.29652668135285,-22.716027677025384
2001-10-15,-26.63781055398706,-47.29727762591113,-39.339361288809684,-23.24187493186991
2001-10-16,-26.88628840046673,-48.4903721230718,-38.599416651911596,-23.19180313156346
2001-10-17,-28.492681955949273,-48.56680822384993,-38.36796738029113,-21.644613665529445
2001-10-18,-28.98201058306126,-48.263746114248676,-39.87093104230467,-20.96567372320843
2001-10-19,-28.431491766990412,-49.223123248379785,-40.303833413404305,-19.023719027083168
2001-10-20,-27.635151522038896,-48.334289409667775,-40.2850144035879,-21.930558908066917
2001-10-21,-28.462965059816444,-47.662541707598926,-41.87623161039564,-22.31394158589467
2001-10-22,-28.048431320575226,-48.08131018986623,-42.64344635071171,-21.976136660788562
2001-10-23,-30.714012986205457,-47.71193270830045,-41.432571432842344,-22.038378239814453
2001-10-24,-31.377167071025873,-49.113261370145764,-40.8694735128463,-21.627422228589822
2001-10-25,-31.348565440334756,-49.63411995817441,-42.12763032470332,-21.511535824524227
2001-10-26,-31.209626146574703,-49.749033277153195,-42.36015884190982,-23.813216415674734
2001-10-27,-32.265426362432095,-50.25696951355769,-41.41696211937011,-22.057440524295494
2001-10-28,-30.90297178990003,-50.42714167383052,-41.30241408469451,-23.469828156344
2001-10-29,-30.19305909698923,-48.75896543376887,-42.15325896495569,-23.548535422333277
2001-10-30,-28.019500041136343,-49.16264665248491,-42.993971810361735,-23.858345377092363
2001-10-31,-28.611979077040825,-48.382858858085555,-42.10537452421495,-24.987371607736343
2001-11-01,-27.324458237760506,-47.97766281640186,-41.12322289567302,-24.391903201438605
2001-11-02,-27.451561913473235,-48.65758124303234,-42.295488778566025,-25.20423339915232
2001-11-03,-26.15371918856173,-48.87696578631892,-42.296726363566194,-26.112449958983852
2001-11-04,-27.546182555962766,-49.951126261777524,-43.818924301015365,-24.910291706298004
2001-11-05,-28.321751027706025,-49.24461101993222,-44.67961107532047,-25.62301347470148
2001-11-06,-28.349391790016387,-49.74555977333337,-43.611306766408234,-25.99051411786023
2001-11-07,-28.76778604736766,-50.68024223318303,-42.26220330681123,-24.133372132416252
2001-11-08,-29.379261146490194,-52.92647156066047,-41.70338835319141,-23.30760489332146
2001-11-09,-29.836339488128804,-52.02623408279766,-39.880625315672496,-21.242472637265642
2001-11-10,-30.392905634366013,-50.09359626660643,-41.242296696455774,-21.559264023930872
2001-11-11,-29.484566297085152,-49.67424979830972,-40.17958372774563,-21.415195085229367
2001-11-12,-30.013553498345612,-50.63216961706915,-38.54386203705434,-21.4988318529542
2001-11-13,-29.25661562671217,-49.95982877099278,-37.39929856568511,-20.793061301625922
2001-11-14,-29.515955561933325,-49.78541874500093,-38.18416882290652,-20.399771497621426
2001-11-15,-27.02653545956875,-51.49370166598149,-36.96073089489321,-20.494148178489898
2001-11-16,-26.6999242415483,-52.28290078925149,-36.06090444635081,-20.87832495268456
2001-11-17,-27.391539131843125,-53.676782629665915,-37.00551872543486,-21.618528354287058
2001-11-18,-28.267063558010836,-53.78015721924609,-36.57915586415972,-22.273244956608334
2001-11-19,-29.307424041449814,-55.313180825590514,-35.14691279876557,-23.979848961265006
2001-11-20,-30.056621257328167,-54.34299253452439,-34.23276955511949,-24.05030763594283
2001-11-21,-29.07500855438669,-54.54863559093687,-36.868427362823184,-24.370733747907348
2001-11-22,-29.86131127607148,-54.46745538087411,-36.64092581658965,-22.696011705791303
2001-11-23,-29.975296647358995,-55.03626620238228,-36.83396109209186,-23.60486263212975
2001-11-24,-29.0332971762904,-55.884253371209496,-38.63709289328009,-24.07217451848477
2001-11-25,-26.93254762046179,-55.424493890319624,-39.67519997006402,-23.102718902808263
2001-11-26,-27.306239888599205,-56.166766479903735,-38.81274327018951,-24.329479646246856
2001-11-27,-27.590904807145467,-55.490975190266155,-36.87386757441658,-24.331510714451877
2001-11-28,-27.974011530933407,-56.398759031115006,-35.07595258777802,-25.373918262389296
2001-11-29,-27.954286963002986,-57.00020383473697,-34.5392432620888,-25.098853186953566
2001-11-30,-28.625071790454914,-56.03116260433131,-33.34974891881039,-24.20116880845135
2001-12-01,-28.02031840889973,-57.530291334121344,-33.55308805333398,-25.833457121253858
2001-12-02,-29.12105948934914,-57.397551982730626,-33.50362313658087,-26.278313697200616
2001-12-03,-29.501816749778563,-59.16388709508765,-32.61141956651632,-28.55168881887428
2001-12-04,-28.704904899594965,-58.08011932907593,-32.3034770026461,-27.463021405273032
2001-12-05,-26.583367859577628,-58.10779251730383,-33.41212144340981,-27.814921460722466
2001-12-06,-27.055281812131703,-58.077679293861266,-32.868024244846055,-25.17062086729642
2001-12-07,-28.599272079781045,-60.17765470040261,-32.92921966077159,-24.973483168202307
2001-12-08,-28.08488516208274,-59.32508508392712,-33.14554616144676,-24.844481653327218
2001-12-09,-28.247400144228752,-59.72210583994431,-33.299599127199286,-24.711600391643127
2001-12-10,-29.63924853248625,-60.918821304871315,-33.10990621067336,-25.78842469241332
2001-12-11,-29.910362602125417,-60.21247508489818,-34.35324935272793,-25.437085096784664
2001-12-12,-27.6604373430671,-60.15723779459852,-34.84616155385176,-25.988214716482616
2001-12-13,-27.13742509243811,-60.05396301050594,-36.259790339286134,-27.257725434545907
2001-12-14,-28.54234292548491,-60.171680452780535,-36.405817451892425,-27.307905182468755
2001-12-15,-30.17511560128126,-60.71194359513062,-36.77174382558767,-26.92939924887728
2001-12-16,-29.720102352636864,-60.83617513831462,-35.95762023505656,-28.44829132149018
2001-12-17,-27.839310746645438,-62.19179917543942,-36.979361017773584,-27.296368975845944
2001-12-18,-27.592916033019673,-61.75012007074308,-35.73757600651226,-26.650931852154923
2001-12-19,-26.701345264361617,-62.839146041169414,-34.1886244923671,-26.71684643456416
2001-12-20,-27.26077610578125,-63.510907000364604,-34.64632350923599,-27.48668550015056
2001-12-21,-24.84537060261216,-62.472443032035386,-34.83426464997264,-28.801085992252254
2001-12-22,-24.12409781894069,-62.51296342138441,-35.23507617482215,-28.56608456099322
2001-12-23,-22.727411981650864,-63.02171532118099,-37.136902151792384,-29.45109717484188
2001-12-24,-23.71029758421826,-62.91874035322329,-35.1739755879955,-29.935321983819275
2001-12-25,-23.464117906643953,-63.74249310954424,-35.543672780270754,-31.06374406786418
2001-12-26,-24.085831661436906,-63.41848477069064,-36.19925668744141,-30.451148013208183
2001-12-27,-23.240864182392166,-64.55978735987081,-35.300350015388354,-29.221308287942346
2001-12-28,-23.240073879889668,-64.49190817551955,-35.16927737386897,-31.038449245916603
2001-12-29,-25.16199850358182,-65.13115448731563,-35.75614109541285,-32.14122427102487
2001-12-30,-25.75697289867857,-66.08770677237949,-36.07812277779949,-33.66544039582602
2001-12-31,-24.6227081773674,-65.46635883598462,-35.33779053970068,-34.75038046870381
2002-01-01,-25.572778821753893,-66.5718178953024,-36.01328264860781,-34.123947985103804
2002-01-02,-24.463022601778256,-66.50806315199861,-34.44300418127262,-33.7845628309693
2002-01-03,-26.044263134620437,-66.15667756706146,-33.75977159206723,-31.06081131149068
2002-01-04,-24.94225082636691,-66.5475225781182,-34.74789876170784,-30.732628189226464
2002-01-05,-26.29100369712278,-67.04882714234371,-34.15528254181717,-30.44617885801448
2002-01-06,-26.36828474557128,-65.76444552055254,-33.02932659865236,-29.64437611323143
2002-01-07,-27.841265833820927,-66.49451155087348,-32.2737426603753,-29.64244132369056
2002-01-08,-26.868455932919574,-66.67311297835452,-31.26469074753558,-32.52998202222786
2002-01-09,-27.065017625260293,-67.46724975860856,-32.71487574049828,-29.523701195641458
2002-01-10,-28.374827206530554,-66.78742460705486,-34.395478179118406,-29.661113514171678
2002-01-11,-28.929581255423724,-65.22468151135256,-33.50310469082694,-28.220544532117014
2002-01-12,-29.671226907712043,-65.72092550777701,-32.19354048474511,-27.328984606972753
2002-01-13,-28.629157830775146,-66.30695238340749,-31.751961308955778,-27.39685515980341
2002-01-14,-30.52741186401502,-66.54262723158739,-31.52911967901817,-26.26045944094276
2002-01-15,-32.03092163839528,-68.69487927284078,-31.643918087083915,-25.518097056687623
2002-01-16,-32.13701324169585,-68.79426823113018,-33.327575412905766,-27.0853112683728
2002-01-17,-33.51327353577032,-68.59737666815042,-34.59548101310514,-27.584445901496668
2002-01-18,-35.6747787812756,-67.92963006059132,-35.023056749837494,-27.84768962839891
2002-01-19,-34.26404429053997,-67.79850878482328,-34.465854527999205,-28.93339653007225
2002-01-20,-35.894529142632756,-68.40425238942342,-34.34211826751717,-27.43726713147573
2002-01-21,-36.912896350182095,-68.69237099912625,-33.48693634331931,-26.465198996789383
2002-01-22,-37.786044691269275,-70.09991587801933,-33.091075776994565,-25.442107913094645
2002-01-23,-36.16686007467423,-68.6554843769269,-33.40935403036921,-27.911414184153962
2002-01-24,-34.410684237829756,-67.78793957232668,-33.78517130786055,-28.494276460939634
2002-01-25,-36.702303922986324,-67.79808181920063,-35.10124851765649,-27.110949137742015
2002-01-26,-36.65046655559207,-67.86956937282287,-35.27059287387064,-26.302111176252442
2002-01-27,-34.20532528800041,-67.82147276481899,-34.674238935405135,-28.604520751394855
2002-01-28,-34.70727298919162,-67.8684107667647,-35.83170139749577,-28.584462520393142
2002-01-29,-33.66803311579936,-67.58211072562843,-37.10003520925752,-27.304859884777166
2002-01-30,-32.800262980220566,-67.40759211435328,-37.13771366679637,-26.371940340324414
2002-01-31,-31.953133486857126,-65.41124537268362,-37.256535497713166,-28.69163787055676
2002-02-01,-31.286944870054242,-65.10049851404258,-36.69555501809756,-26.788226400854917
2002-02-02,-31.331265419298727,-65.36917684510694,-37.503640127473474,-26.185011037321182
2002-02-03,-31.084858244500783,-67.15600850997592,-38.07174724786785,-23.338667674674397
2002-02-04,-30.80958545677204,-66.77112104925608,-37.931314752008724,-22.40560569610939
2002-02-05,-30.204332781563135,-67.36406948607822,-39.67597985449576,-21.98374664594502
2002-02-06,-30.38794485374951,-70.09303444365862,-38.62205838976658,-21.110277772033687
2002-02-07,-30.052896047485333,-70.41458922248142,-39.31344350857716,-23.09864925470381
2002-02-08,-30.88308904910982,-68.58831092716972,-39.2502413968089,-22.61639619408349
2002-02-09,-32.248065136717145,-69.1621802171755,-38.80655680080213,-21.193397857756374
2002-02-10,-32.76699384647868,-69.42973989836601,-38.65356071588684,-21.501440334446404
2002-02-11,-33.24352187334682,-68.80715235277987,-37.72940943299342,-21.985159228065122
2002-02-12,-33.13186824363958,-70.22741516717315,-37.400768787753705,-23.308142255348326
2002-02-13,-32.56221286437459,-69.80225520216423,-37.36593984702385,-25.061610094593505
2002-02-14,-32.2404763446395,-69.34717054555819,-37.05434879373714,-25.28028933402791
2002-02-15,-32.439469320757865,-68.22977218288852,-37.23235392062668,-25.707178842314736
2002-02-16,-32.31521739916113,-67.85170670469763,-36.627666088279774,-25.264110942543237
2002-02-17,-33.95969986389564,-66.43786613105266,-37.89097084761173,-23.888806357965922
2002-02-18,-33.34657689505433,-66.06699588050144,-38.726984357302236,-24.47966912229604
2002-02-19,-32.418236868839244,-68.05043143906559,-38.73404397393985,-25.257215415791254
2002-02-20,-32.32228741868846,-70.34961945881496,-40.237587986693,-26.840845684623055
2002-02-21,-31.578789836424775,-70.59909228364175,-39.94837977548496,-27.09998526430518
2002-02-22,-32.26717555898078,-70.42507232962188,-39.862287016838216,-28.713119823083318
2002-02-23,-32.25724481502975,-71.07609731302128,-41.16679258568691,-28.540037995950954
2002-02-24,-32.241786468831194,-70.04161937993615,-40.358886977682715,-27.812784959388303
2002-02-25,-33.01438112423854,-68.39033072349679,-39.177045525421626,-27.089039206876393
2002-02-26,-33.109563335324054,-68.44605443260049,-38.16913181444743,-28.367924019671115
2002-02-27,-34.11103915020185,-68.39627156506072,-38.154964113125715,-27.89605591345364
2002-02-28,-34.00618845792016,-68.41668008074689,-36.66899601444275,-27.358547329644626
2002-03-01,-31.952389921372074,-68.02595411077007,-36.19153017836657,-28.267516364916716
2002-03-02,-31.04964936746484,-68.65402316070494,-33.212520880202185,-28.064456933592794
2002-03-03,-30.893054265363883,-68.59809866450756,-32.99373616339679,-27.943325009415585
2002-03-04,-30.234454496601455,-68.1109339268851,-33.0374930434167,-27.43866322658385
2002-03-05,-31.85436364965343,-67.75954299500809,-33.22342644555789,-27.64227417641047
2002-03-06,-30.829620885780823,-65.8431053452676,-32.46504447044857,-27.554303428755997
2002-03-07,-30.572913939786385,-65.25422422680363,-32.61201873911843,-27.146702468011103
2002-03-08,-30.177751616131836,-63.73841404934936,-32.00988474947816,-27.418328004515626
2002-03-09,-30.630765997877976,-63.18985704345761,-33.62770183880088,-29.437029961144052
2002-03-10,-31.538102058570615,-64.77468827351785,-34.261875239233696,-28.016968670628646
2002-03-11,-31.522111097984254,-64.08106789796811,-36.07244131198019,-26.021114024000553
2002-03-12,-30.320245970206386,-65.55520543869234,-35.29101050427895,-24.81404708786935
2002-03-13,-31.25934266395978,-66.32039225404358,-35.84087013527344,-23.467300276325826
2002-03-14,-30.522853162149993,-66.05900312185368,-36.64438129218362,-22.43290722619163
2002-03-15,-31.97191568503846,-67.91571780796708,-36.78702043736937,-21.7582414256086
2002-03-16,-30.728723742540442,-68.8666669593816,-37.86833745320006,-21.193529963742154
2002-03-17,-29.531599353529877,-67.58299099967464,-38.930660577265186,-22.927190690984116
2002-03-18,-30.228240852789956,-67.50743561651932,-38.58607901060852,-23.55539375066137
2002-03-19,-31.677417961305366,-65.62919427274637,-39.40608646903272,-22.878363148940263
2002-03-20,-32.27278862467519,-65.82708569261365,-38.67552942488174,-23.204326067557144
2002-03-21,-31.1640969193445,-65.12360279855204,-39.459806075751814,-23.103337964599067
2002-03-22,-32.109109810463146,-63.51477460944593,-39.18577941976944,-23.224785092106515
2002-03-23,-31.41322013048303,-62.93742614955551,-39.17432030271024,-24.64476306906417
2002-03-24,-30.80040670977172,-63.151806595947534,-40.721526842908055,-23.95427486959527
2002-03-25,-30.806048622297734,-60.45019893439546,-40.734481652762305,-24.60496221389842
2002-03-26,-30.683597298410934,-60.133088646414706,-43.1063647894238,-23.73704947785156
2002-03-27,-31.70172018307049,-59.44126153451722,-42.61999581756881,-25.713549290096257
2002-03-28,-33.778156341656306,-58.86185630675423,-43.38105024524442,-24.939350521689057
2002-03-29,-33.42996464399615,-58.46571283635283,-42.99756471975853,-24.6853545728375
2002-03-30,-33.326005843557915,-58.06511121382732,-43.580922323504716,-23.87739306294454
2002-03-31,-33.241665690259104,-60.02567194022294,-43.912174217250175,-23.566627905620525
2002-04-01,-34.18585039531564,-59.38041944966037,-44.800259074532015,-25.518721411761412
2002-04-02,-33.067122178953824,-58.77060712174822,-43.930182188207205,-25.49241376263343
2002-04-03,-33.58023525947841,-58.27242253109205,-43.59840053564738,-25.73929316410438
2002-04-04,-32.81680256040967,-60.14050979599263,-42.3297895458515,-25.8956648946968
2002-04-05,-33.11580893976352,-61.38848203431864,-44.59105617945346,-25.36635450307099
2002-04-06,-34.18407527753246,-60.904140590969426,-46.337070362361004,-25.097963411204258
2002-04-07,-31.765032521942572,-61.486996870837174,-45.4130739712723,-25.77467910838191
2002-04-08,-31.62514545212162,-61.054400916222626,-46.183780464993376,-25.319429171221607
2002-04-09,-29.92491507890664,-60.726843856452504,-46.05504785195097,-25.30905805444512
2002-04-10,-32.11201322269508,-61.37018154140701,-47.43743217833689,-26.30326002939456
2002-04-11,-32.03129733243978,-61.73416979401502,-46.19422585809665,-26.23524247416044
2002-04-12,-33.745167895647675,-62.09936664157969,-46.55679117118975,-25.04187297593367
2002-04-13,-34.24815150321367,-62.442587481711975,-46.05550128556369,-24.197093374853004
2002-04-14,-35.96104344736618,-61.47308846405308,-45.86465017638946,-24.578043586724103
2002-04-15,-39.030720722856124,-60.7272099418647,-47.05750700892979,-24.925861561409867
2002-04-16,-39.58768118628648,-60.77512886665937,-48.3044359194472,-24.100576832732948
2002-04-17,-40.24049213395919,-60.094039700336005,-48.89875212732869,-22.201168188063562
2002-04-18,-39.57141443540247,-58.70921096550151,-47.124103881700584,-22.14328764461671
2002-04-19,-38.258430101502945,-59.71877031985994,-48.35101351091729,-21.614430209904008
2002-04-20,-39.41962941151921,-60.181791863805,-48.161666942354444,-20.778864552143688
2002-04-21,-38.46012868435865,-59.60980773911559,-47.45297688488511,-21.84255941708713
2002-04-22,-39.6113371418263,-58.962927601913705,-48.54441939998603,-22.788146613936863
2002-04-23,-41.30395631771942,-57.98331620957733,-49.27629252811339,-23.721859548164346
2002-04-24,-41.045898948274655,-56.73850436509766,-48.995331321812216,-26.099810409204984
2002-04-25,-40.23007352919545,-57.04304122122052,-47.51604495147467,-25.338515627761634
2002-04-26,-40.64800026055964,-56.92311588229981,-49.46080897568342,-26.429761872730143
2002-04-27,-42.354109907016664,-56.89698688565375,-50.523417301405004,-26.65217203987155
2002-04-28,-42.60847404498998,-55.54427801664633,-50.90541845264428,-27.547018572269717
2002-04-29,-42.7507596280265,-57.14039894678322,-49.86671903046935,-28.18620706496021
2002-04-30,-43.049439215158095,-56.531946490652665,-50.543691734144275,-29.918680672937732
2002-05-01,-44.006813825718055,-57.2354658841244,-50.54836215600023,-30.72032741826968
2002-05-02,-43.481900768467874,-57.326446157952,-49.143343678419875,-29.951395374388262
2002-05-03,-43.20340137007978,-58.049948794018285,-48.35279030604182,-28.54535838626695
2002-05-04,-41.623770895009045,-58.066062080923125,-49.590824061032684,-27.843351877618243
2002-05-05,-41.6137203382779,-57.553795572668406,-50.04124034607952,-27.774254286781684
2002-05-06,-41.004677689092496,-60.40906998803349,-50.37994257047753,-26.841482518582676
2002-05-07,-39.07082289962429,-59.405952639834354,-51.55397195850714,-25.265791299855543
2002-05-08,-37.732549746739856,-60.03298341639105,-51.350703972794186,-25.217521910127957
2002-05-09,-36.91903012543685,-61.09590390587315,-50.27064440350645,-24.951716639957013
2002-05-10,-37.58194958517311,-60.65186597720964,-49.69514283232787,-24.17738050795929
2002-05-11,-35.25406356180064,-60.00580342295199,-51.02126279048882,-25.317169178592362
2002-05-12,-34.222583517914344,-60.56843829756215,-49.83358184175466,-26.03921073525343
2002-05-13,-33.83214522007987,-60.71428383359077,-48.45114009739989,-26.646300475926164
2002-05-14,-33.10081318408816,-63.91621065598896,-49.07898578795052,-27.429241501912358
2002-05-15,-32.696388512588285,-65.75062701103782,-49.46291854060005,-26.85048397805336
2002-05-16,-33.61892948781323,-65.31952859546912,-47.780760800589306,-28.164746177394267
2002-05-17,-35.463511919008035,-64.24358899749264,-47.735385364068094,-26.51875181444674
2002-05-18,-34.86189436324408,-64.75535618972778,-48.47496716898832,-24.628663566262706
2002-05-19,-35.44900876592722,-66.5791569353385,-48.50842227706111,-24.898440617735524
2002-05-20,-34.70717046974775,-66.19180444722093,-48.04850597560187,-25.649978528075547
2002-05-21,-33.67859198585419,-68.23186031797705,-48.71691843531485,-24.524456475899704
2002-05-22,-33.56893339561456,-67.62217683951823,-47.165408760626036,-24.898928147742776
2002-05-23,-32.886779441244926,-67.92470784834532,-44.99493297678924,-24.169894790477365
2002-05-24,-33.45120642761559,-68.94397696838091,-44.16930249017426,-23.603331740785325
2002-05-25,-34.25374511274822,-69.63011203604918,-44.87994687422365,-23.38861823364528
2002-05-26,-34.59369945124861,-70.10110440581539,-45.42926542767996,-22.125195307561814
2002-05-27,-35.2193669055096,-69.83339930008592,-43.70771640911046,-23.17509879385389
2002-05-28,-34.057189675516916,-69.76464618380082,-44.10394764149814,-24.44365026063698
2002-05-29,-35.407548105705345,-69.83415949596565,-44.28791673501935,-24.61766968121522
2002-05-30,-33.744909549454746,-67.74870472149833,-44.11050530284326,-24.961272290079737
2002-05-31,-32.34264461408566,-67.91687262533355,-43.20867194035561,-24.96176092778477
2002-06-01,-31.963736036889593,-69.14009744506622,-43.45530922862987,-25.83492510326281
2002-06-02,-31.50600109380816,-67.44614901645538,-45.07899802234177,-26.859483526498835
2002-06-03,-28.403088419742883,-67.40757037086732,-45.460574159941196,-26.72943426922604
2002-06-04,-28.377946378800466,-67.07375683171635,-45.11494812339903,-27.00992843897573
2002-06-05,-27.355895083653394,-66.33216512263225,-45.966509663418265,-27.490863566193873
2002-06-06,-27.674917667515412,-66.225326757138,-45.37745295137516,-27.074272888332395
2002-06-07,-27.765706605622675,-66.27894936446557,-45.59900284789292,-27.308633202213937
2002-06-08,-27.04495766914407,-65.30097085197123,-44.678638495511265,-26.607648906448322
2002-06-09,-27.386143620390218,-64.63467842560968,-44.736065211215895,-25.071480816842875
2002-06-10,-25.56792876383391,-63.11464784027944,-44.69318056561261,-25.15299430390969
2002-06-11,-27.613590750323002,-64.6038922399842,-45.106661446392145,-24.295072286294456
2002-06-12,-27.05954457909377,-66.22156313813223,-45.75481747086991,-24.415135672934937
2002-06-13,-27.359948338183713,-65.6130991538138,-46.86976889959946,-23.348058957412626
2002-06-14,-25.046313009575105,-66.39931278820526,-47.67178458158784,-22.95639392782526
2002-06-15,-25.526560399061676,-64.87651754822703,-47.3228365012651,-24.25939978646013
2002-06-16,-25.70796510861716,-64.02889159462882,-46.489550313568614,-24.608667216884214
2002-06-17,-23.87507416677475,-64.18072785551975,-45.93301508438072,-23.232572649279316
2002-06-18,-23.52591313784616,-62.84030019952375,-45.389851276698735,-23.082539953221428
2002-06-19,-22.878644043372358,-64.22881403129288,-46.19628540489772,-22.461388479924114
2002-06-20,-22.95494452835632,-64.7892437650859,-46.401089424503006,-21.448699729371256
2002-06-21,-22.39446037068826,-64.81150164944067,-47.3467184723267,-21.642873467747087
2002-06-22,-22.457369368857325,-64.00314978353917,-46.67864576370291,-23.22870071660762
2002-06-23,-23.819290187269885,-64.31616416456797,-46.53957308050174,-24.720233405130717
2002-06-24,-23.67766484961016,-64.12071825313527,-46.30876887273568,-23.9067262286059
2002-06-25,-23.30843304158988,-63.34721042156043,-45.240247760584985,-22.5674027515017
2002-06-26,-21.3673609977345,-63.46697052012022,-45.99877786778412,-24.33682679090247
2002-06-27,-21.634685680188845,-63.19451740793714,-43.835043913627594,-24.205603083776555
2002-06-28,-21.125910430469087,-62.884895860410964,-42.4864929326662,-23.083517380369656
2002-06-29,-21.247485132591024,-62.29256815226815,-42.72833037471152,-21.780197886728555
2002-06-30,-20.727771980464915,-62.98899503890922,-42.55871382601212,-20.917709974173512
2002-07-01,-21.5245019593275,-62.62092425615914,-42.11709113146101,-22.01963884759879
2002-07-02,-23.00411537563969,-63.2037438795236,-42.60964956279664,-20.93017112734346
2002-07-03,-22.743027320251038,-63.92649935788655,-40.06626645301617,-20.418394727148478
2002-07-04,-22.440434477330523,-62.49835212858751,-40.26242012749071,-20.588308181117693
2002-07-05,-21.994766230209216,-62.81722712610941,-40.061480067961014,-18.436994569527858
2002-07-06,-22.105534919091824,-62.61214105968192,-40.400163844116165,-18.022710861315538
2002-07-07,-25.081668293786954,-62.47935386059416,-41.68556470140683,-19.535874830550682
2002-07-08,-23.95937206303119,-61.295053930555035,-42.11281214358336,-19.84078850262654
2002-07-09,-24.279777304623586,-62.43652909812057,-41.599199418084694,-19.54689852032976
2002-07-10,-24.267137675246527,-63.31341698147005,-42.50154217320095,-19.39100367445006
2002-07-11,-21.83252272220581,-63.0601272372202,-42.625172458459964,-19.783893212814643
2002-07-12,-22.72409683996203,-62.75255218076076,-42.88829950095174,-19.4836766006469
2002-07-13,-23.052973060946606,-64.91261686269378,-43.21496775166028,-19.885648218380226
2002-07-14,-22.519644668024704,-65.9478675443374,-41.4189098657876,-16.784702731472308
2002-07-15,-23.925143019063796,-64.91606672717788,-42.905944685805316,-17.890742381438805
2002-07-16,-25.39568545645803,-64.35684858363567,-43.04640336636567,-16.977945668646402
2002-07-17,-23.908380957176455,-64.25075011504661,-42.65122968361813,-16.69149754286175
2002-07-18,-24.795120905758413,-64.66286964249306,-42.472649461241566,-16.632457666644182
2002-07-19,-26.824707703759284,-67.4820030478756,-42.02684488849126,-18.020804189023885
2002-07-20,-26.97820780653123,-66.68773082625285,-43.053314129602,-18.440149949266836
2002-07-21,-27.961741520804335,-67.62369351121644,-43.69632924328709,-17.65333057877288
2002-07-22,-29.135850292326666,-67.29293128859442,-43.41693606796299,-17.336222651655916
2002-07-23,-29.15031395401544,-68.13044840112522,-42.73124349095785,-16.164716716212347
2002-07-24,-29.220593140694472,-66.30283870989214,-42.113180176770676,-17.40251559582938
2002-07-25,-30.52262128900792,-65.83098722161196,-42.29484242352667,-17.090281005204773
2002-07-26,-30.581337364687634,-64.48490990574248,-40.86718208937674,-16.194073069480478
2002-07-27,-31.186601513140367,-64.44294798982335,-41.60118720102542,-16.24598166799167
2002-07-28,-33.4068814673448,-63.45238669860761,-40.92348750388193,-16.060318749225015
2002-07-29,-33.723434883725034,-62.04871566667579,-42.9327208545179,-14.472793774849242
2002-07-30,-33.84320261880372,-61.74593204588657,-42.98958034660417,-14.241973012964571
2002-07-31,-33.97944028746803,-61.66490282783174,-41.737294591258355,-14.905648139722482
2002-08-01,-33.532128720545956,-61.73966522353693,-42.43451466804237,-15.509323758458917
2002-08-02,-35.24740832870947,-61.81720599532718,-42.597282738506316,-14.624464534410038
2002-08-03,-34.07281833874506,-62.05073789075602,-40.72412211795385,-14.718957587288974
2002-08-04,-32.093516545182766,-61.648655116163276,-41.696125540965255,-13.773452287753718
2002-08-05,-34.20696806410719,-60.862910407901396,-41.903291114852976,-14.057775986173953
2002-08-06,-31.797518240735005,-60.6953570949889,-42.61284039060866,-14.471539504322914
2002-08-07,-31.146578059028574,-60.96943937059273,-41.74596805818458,-14.328174164000838
2002-08-08,-30.192010219369354,-59.835272144307496,-42.54964690296914,-13.71897627759357
2002-08-09,-29.096060751547878,-61.558632542689395,-43.33939397390261,-13.755006003814739
2002-08-10,-30.4856988397197,-60.819298050498446,-42.73471385526576,-13.905607553080063
2002-08-11,-29.932922416977664,-60.69429475207243,-43.00352728428698,-12.429630829868442
2002-08-12,-29.030935684405883,-60.14701613936118,-43.036220156292984,-13.702505309497589
2002-08-13,-28.272796075229078,-62.063870022349874,-42.60801589036116,-12.751237968076854
2002-08-14,-27.209619737986305,-62.9685059893715,-42.57069495433071,-12.088712390734702
2002-08-15,-27.419891522244967,-62.53195411496881,-42.44533975037468,-12.076639706063206
2002-08-16,-28.789249649375332,-62.89205364695144,-44.66051847649112,-14.156089197365436
2002-08-17,-28.249836793357957,-63.238738725893306,-45.818654411483,-14.679969908597618
2002-08-18,-27.89960174377076,-64.609365635479,-45.89568447057477,-14.101352607160623
2002-08-19,-26.445288270257798,-63.52582103692035,-46.71946029543677,-12.076068585717572
2002-08-20,-27.18772510167147,-62.77400650552947,-45.6412033714668,-11.695923581081725
2002-08-21,-26.765059320091435,-63.146757040400196,-47.624264260672064,-12.944672351355512
2002-08-22,-26.78176789665182,-64.29494284946297,-48.14818603095299,-12.826639544743353
2002-08-23,-27.142085467255143,-63.65903540769904,-47.14236000872295,-13.573580151978797
2002-08-24,-26.225285382277168,-65.02632436449291,-49.02670330044775,-13.687243399106015
2002-08-25,-24.824433597649517,-66.20976139541575,-50.49367756301521,-14.50027974264664
2002-08-26,-24.71207937382205,-67.60751192271715,-50.45124944852052,-14.056924305271957
2002-08-27,-25.184409284723774,-67.78322094721425,-49.53379993867581,-14.57828852757208
2002-08-28,-24.85584620646468,-64.8937879129444,-51.3699536166259,-14.761094683893445
2002-08-29,-24.133856560822622,-65.71182376595243,-51.45565951436775,-15.987826344420107
2002-08-30,-24.903995463305318,-65.70168408612042,-51.8671427551187,-16.648940717624473
2002-08-31,-26.65693549150214,-66.15451544804829,-50.55959528948266,-16.202977829496916
2002-09-01,-29.01303985572872,-66.20020600117607,-51.09693949730523,-16.823299570875438
2002-09-02,-29.20824189328213,-66.48360627767342,-50.99956875431977,-17.191902797797596
2002-09-03,-29.42640890750435,-67.10496124742822,-50.02227957154956,-15.673341213258961
2002-09-04,-28.83074109333431,-66.19111348431701,-50.42266290054949,-14.930489660926996
2002-09-05,-28.23856710970855,-63.95241957698849,-51.613793600896685,-15.146274305248555
2002-09-06,-26.241321553912996,-63.40026071718919,-50.1340513977768,-16.59074408556793
2002-09-07,-26.16317086208201,-63.47527511501127,-50.69877612688056,-16.797730961103404
2002-09-08,-27.547411604628145,-64.42164572998267,-51.70864893736234,-16.04577821421781
2002-09-09,-28.924865413642493,-66.13476167956956,-51.36598956601164,-16.608698927743628
2002-09-10,-27.414577796047062,-66.34453516546913,-51.61418084109098,-16.48171819880068
2002-09-11,-27.336475002611596,-64.40418649899341,-52.81083272085301,-15.312977200739772
2002-09-12,-28.39012444033966,-63.87795784581727,-54.247530426517095,-15.902702805915116
2002-09-13,-29.458356769601863,-63.229418867791324,-54.920337212476156,-14.257208369030064
2002-09-14,-29.985166700114338,-62.53970014389632,-54.71568843968974,-14.251853210834454
2002-09-15,-30.398368898082786,-62.9109402309127,-53.61433860608574,-14.299854732587141
2002-09-16,-29.30495882398369,-62.55539418571572,-54.17197722187653,-14.159070496848289
2002-09-17,-29.84284381596381,-62.6280718293305,-53.355461763916644,-13.359067844507692
2002-09-18,-28.65342464920158,-61.7187006881607,-51.31457984464093,-12.85973237853345
2002-09-19,-29.267362204301396,-61.66074172031882,-50.68389976951752,-11.481916867218949
2002-09-20,-27.515315279077342,-63.86893230900164,-50.82731141677767,-11.152452486980943
2002-09-21,-26.541845590744103,-64.28454264515497,-51.49462276478817,-11.322065205562609
2002-09-22,-25.661373535182662,-65.02601002113664,-51.538649082090814,-13.639199232375383
2002-09-23,-26.225625864144646,-62.956158795023455,-52.39628149314473,-13.955707306865262
2002-09-24,-26.480931312584037,-63.022269457652996,-52.637981297765634,-14.701805285934862
2002-09-25,-26.08326090530607,-62.062298795216414,-52.51872047419913,-13.822674934970852
2002-09-26,-26.35300510965066,-61.762479127926,-52.64321528189174,-15.084380022507196
